order_id,order_date,customer_id,product_id,quantity,total_amount
ORD-50001,2023-05-28,C-1141,P-2010,2,1258.3
ORD-50002,2023-02-23,C-1340,P-2017,1,556.73
ORD-50003,2023-03-21,C-1270,P-2016,1,317.64
ORD-50004,2024-03-09,C-1051,P-2012,3,419.1
ORD-50005,2023-07-08,C-1444,P-2025,2,924.44
ORD-50006,2023-10-21,C-1074,P-2026,2,779.5
ORD-50007,2024-03-08,C-1015,P-2025,3,1386.66
ORD-50008,2023-11-11,C-1027,P-2021,3,1510.17
ORD-50009,2023-01-14,C-1297,P-2030,3,1039.44
ORD-50010,2024-02-29,C-1470,P-2009,1,626.41
ORD-50011,2023-04-03,C-1341,P-2023,2,842.68
ORD-50012,2023-06-23,C-1112,P-2001,1,815.43
ORD-50013,2024-03-21,C-1354,P-2019,3,1400.49
ORD-50014,2023-07-25,C-1210,P-2005,3,2598.78
ORD-50015,2023-11-21,C-1228,P-2003,3,964.11
ORD-50016,2023-09-29,C-1028,P-2013,2,887.46
ORD-50017,2023-08-21,C-1437,P-2006,2,1322.16
ORD-50018,2023-06-09,C-1427,P-2011,3,634.56
ORD-50019,2023-11-02,C-1197,P-2029,1,774.95
ORD-50020,2023-03-21,C-1194,P-2025,3,1386.66
ORD-50021,2023-01-26,C-1027,P-2003,2,642.74
ORD-50022,2023-08-15,C-1029,P-2014,2,260.42
ORD-50023,2023-11-07,C-1190,P-2014,2,260.42
ORD-50024,2023-04-21,C-1189,P-2017,1,556.73
ORD-50025,2023-06-26,C-1274,P-2004,2,249.52
ORD-50026,2023-12-14,C-1318,P-2019,2,933.66
ORD-50027,2023-09-27,C-1114,P-2010,1,629.15
ORD-50028,2023-04-23,C-1256,P-2020,1,651.23
ORD-50029,2023-01-04,C-1085,P-2010,1,629.15
ORD-50030,2024-01-28,C-1135,P-2025,2,924.44
ORD-50031,2023-05-29,C-1011,P-2004,1,124.76
ORD-50032,2023-09-12,C-1132,P-2014,1,130.21
ORD-50033,2023-03-08,C-1167,P-2018,3,697.35
ORD-50034,2023-04-28,C-1460,P-2018,3,697.35
ORD-50035,2024-02-17,C-1372,P-2003,2,642.74
ORD-50036,2024-03-17,C-1159,P-2002,2,92.66
ORD-50037,2023-01-10,C-1344,P-2030,1,346.48
ORD-50038,2024-03-17,C-1121,P-2019,2,933.66
ORD-50039,2023-10-21,C-1306,P-2023,3,1264.02
ORD-50040,2023-08-02,C-1481,P-2004,2,249.52
ORD-50041,2023-01-11,C-1334,P-2006,3,1983.24
ORD-50042,2023-08-24,C-1281,P-2030,2,692.96
ORD-50043,2023-02-15,C-1188,P-2028,1,865.39
ORD-50044,2023-05-05,C-1188,P-2019,2,933.66
ORD-50045,2023-09-26,C-1361,P-2013,2,887.46
ORD-50046,2024-01-17,C-1310,P-2008,2,391.42
ORD-50047,2024-02-03,C-1277,P-2003,3,964.11
ORD-50048,2023-11-21,C-1444,P-2017,3,1670.19
ORD-50049,2023-04-10,C-1375,P-2012,2,279.4
ORD-50050,2024-01-08,C-1042,P-2021,1,503.39
ORD-50051,2023-05-01,C-1257,P-2005,2,1732.52
ORD-50052,2023-04-12,C-1316,P-2020,1,651.23
ORD-50053,2024-01-25,C-1161,P-2021,1,503.39
ORD-50054,2023-04-01,C-1093,P-2021,2,1006.78
ORD-50055,2023-08-26,C-1189,P-2019,3,1400.49
ORD-50056,2023-08-18,C-1056,P-2030,3,1039.44
ORD-50057,2023-11-26,C-1181,P-2020,2,1302.46
ORD-50058,2024-03-18,C-1044,P-2011,1,211.52
ORD-50059,2023-08-14,C-1397,P-2016,2,635.28
ORD-50060,2023-11-20,C-1154,P-2026,2,779.5
ORD-50061,2023-10-30,C-1357,P-2012,3,419.1
ORD-50062,2023-02-07,C-1482,P-2015,2,1602.64
ORD-50063,2023-01-20,C-1122,P-2012,2,279.4
ORD-50064,2023-02-09,C-1082,P-2028,1,865.39
ORD-50065,2023-11-11,C-1494,P-2017,2,1113.46
ORD-50066,2023-08-25,C-1163,P-2018,3,697.35
ORD-50067,2023-01-22,C-1012,P-2030,3,1039.44
ORD-50068,2023-11-30,C-1046,P-2011,3,634.56
ORD-50069,2023-09-01,C-1460,P-2005,1,866.26
ORD-50070,2023-08-19,C-1257,P-2026,2,779.5
ORD-50071,2024-01-01,C-1197,P-2017,3,1670.19
ORD-50072,2023-03-30,C-1282,P-2008,3,587.13
ORD-50073,2023-08-13,C-1134,P-2017,3,1670.19
ORD-50074,2023-11-09,C-1462,P-2012,2,279.4
ORD-50075,2023-05-25,C-1308,P-2014,2,260.42
ORD-50076,2023-12-14,C-1311,P-2002,3,138.99
ORD-50077,2023-11-28,C-1380,P-2003,2,642.74
ORD-50078,2023-02-18,C-1165,P-2022,2,1027.56
ORD-50079,2023-05-26,C-1123,P-2024,3,2941.32
ORD-50080,2023-11-05,C-1041,P-2011,1,211.52
ORD-50081,2023-10-26,C-1016,P-2005,2,1732.52
ORD-50082,2023-06-08,C-1342,P-2023,3,1264.02
ORD-50083,2023-07-20,C-1079,P-2020,3,1953.69
ORD-50084,2023-02-13,C-1482,P-2018,2,464.9
ORD-50085,2023-11-26,C-1398,P-2011,1,211.52
ORD-50086,2023-12-10,C-1231,P-2027,3,1539.48
ORD-50087,2023-12-17,C-1157,P-2003,3,964.11
ORD-50088,2023-12-10,C-1307,P-2017,2,1113.46
ORD-50089,2023-01-10,C-1020,P-2010,1,629.15
ORD-50090,2023-04-20,C-1437,P-2025,2,924.44
ORD-50091,2023-04-09,C-1074,P-2005,1,866.26
ORD-50092,2023-02-09,C-1327,P-2028,1,865.39
ORD-50093,2023-09-17,C-1386,P-2018,3,697.35
ORD-50094,2023-09-27,C-1170,P-2022,2,1027.56
ORD-50095,2024-03-24,C-1290,P-2020,1,651.23
ORD-50096,2023-11-02,C-1499,P-2005,1,866.26
ORD-50097,2023-04-03,C-1304,P-2025,3,1386.66
ORD-50098,2024-02-19,C-1388,P-2024,2,1960.88
ORD-50099,2023-01-23,C-1239,P-2012,3,419.1
ORD-50100,2024-01-04,C-1092,P-2015,3,2403.96
ORD-50101,2023-05-26,C-1192,P-2024,2,1960.88
ORD-50102,2023-04-30,C-1351,P-2008,2,391.42
ORD-50103,2024-02-19,C-1149,P-2016,1,317.64
ORD-50104,2023-07-08,C-1318,P-2019,2,933.66
ORD-50105,2023-08-25,C-1465,P-2010,2,1258.3
ORD-50106,2023-09-15,C-1104,P-2014,1,130.21
ORD-50107,2024-02-23,C-1441,P-2026,3,1169.25
ORD-50108,2023-03-12,C-1379,P-2002,3,138.99
ORD-50109,2023-09-04,C-1186,P-2018,1,232.45
ORD-50110,2023-12-31,C-1106,P-2028,1,865.39
ORD-50111,2023-05-26,C-1195,P-2025,1,462.22
ORD-50112,2023-05-20,C-1012,P-2029,3,2324.85
ORD-50113,2023-03-17,C-1188,P-2003,1,321.37
ORD-50114,2024-02-23,C-1012,P-2029,2,1549.9
ORD-50115,2023-01-14,C-1072,P-2002,2,92.66
ORD-50116,2023-09-15,C-1067,P-2008,2,391.42
ORD-50117,2023-02-11,C-1067,P-2008,1,195.71
ORD-50118,2023-06-13,C-1018,P-2027,3,1539.48
ORD-50119,2023-11-29,C-1380,P-2026,1,389.75
ORD-50120,2023-03-12,C-1170,P-2010,2,1258.3
ORD-50121,2023-12-23,C-1173,P-2025,3,1386.66
ORD-50122,2023-08-29,C-1241,P-2020,1,651.23
ORD-50123,2023-02-10,C-1300,P-2009,1,626.41
ORD-50124,2024-03-03,C-1041,P-2018,3,697.35
ORD-50125,2023-11-08,C-1104,P-2014,1,130.21
ORD-50126,2024-02-02,C-1226,P-2008,2,391.42
ORD-50127,2023-03-04,C-1233,P-2008,2,391.42
ORD-50128,2023-11-24,C-1450,P-2020,2,1302.46
ORD-50129,2023-02-02,C-1432,P-2027,2,1026.32
ORD-50130,2023-11-02,C-1248,P-2001,3,2446.29
ORD-50131,2023-09-21,C-1473,P-2008,3,587.13
ORD-50132,2023-03-15,C-1490,P-2014,1,130.21
ORD-50133,2023-11-11,C-1097,P-2008,3,587.13
ORD-50134,2023-08-02,C-1382,P-2022,3,1541.34
ORD-50135,2023-02-13,C-1383,P-2012,1,139.7
ORD-50136,2023-09-27,C-1325,P-2017,3,1670.19
ORD-50137,2023-10-11,C-1296,P-2013,2,887.46
ORD-50138,2023-01-23,C-1181,P-2013,2,887.46
ORD-50139,2023-05-10,C-1132,P-2001,2,1630.86
ORD-50140,2024-02-08,C-1397,P-2012,1,139.7
ORD-50141,2024-01-11,C-1270,P-2021,1,503.39
ORD-50142,2024-01-31,C-1163,P-2024,2,1960.88
ORD-50143,2023-03-10,C-1278,P-2012,3,419.1
ORD-50144,2023-06-23,C-1129,P-2021,1,503.39
ORD-50145,2024-03-01,C-1204,P-2022,2,1027.56
ORD-50146,2023-12-23,C-1060,P-2021,1,503.39
ORD-50147,2024-02-20,C-1400,P-2003,3,964.11
ORD-50148,2024-02-02,C-1237,P-2002,2,92.66
ORD-50149,2023-04-14,C-1278,P-2026,1,389.75
ORD-50150,2023-01-22,C-1373,P-2030,2,692.96
ORD-50151,2023-09-21,C-1139,P-2027,3,1539.48
ORD-50152,2023-08-31,C-1123,P-2002,3,138.99
ORD-50153,2023-04-08,C-1037,P-2012,1,139.7
ORD-50154,2024-03-19,C-1342,P-2011,2,423.04
ORD-50155,2023-03-05,C-1185,P-2012,2,279.4
ORD-50156,2023-07-24,C-1417,P-2015,2,1602.64
ORD-50157,2023-06-23,C-1382,P-2016,3,952.92
ORD-50158,2023-09-12,C-1017,P-2030,3,1039.44
ORD-50159,2023-05-17,C-1215,P-2003,3,964.11
ORD-50160,2023-08-06,C-1361,P-2014,3,390.63
ORD-50161,2024-02-26,C-1350,P-2018,2,464.9
ORD-50162,2023-06-14,C-1257,P-2003,2,642.74
ORD-50163,2023-12-05,C-1327,P-2010,2,1258.3
ORD-50164,2023-11-05,C-1336,P-2014,1,130.21
ORD-50165,2023-12-20,C-1055,P-2012,2,279.4
ORD-50166,2023-01-22,C-1110,P-2028,2,1730.78
ORD-50167,2023-11-11,C-1232,P-2009,3,1879.23
ORD-50168,2024-02-10,C-1122,P-2003,3,964.11
ORD-50169,2023-11-23,C-1306,P-2012,3,419.1
ORD-50170,2024-02-15,C-1230,P-2022,1,513.78
ORD-50171,2023-01-16,C-1354,P-2028,3,2596.17
ORD-50172,2023-12-14,C-1198,P-2015,1,801.32
ORD-50173,2023-03-06,C-1397,P-2008,3,587.13
ORD-50174,2023-07-07,C-1020,P-2013,3,1331.19
ORD-50175,2023-01-17,C-1431,P-2005,3,2598.78
ORD-50176,2023-08-19,C-1489,P-2012,2,279.4
ORD-50177,2024-01-26,C-1242,P-2019,1,466.83
ORD-50178,2023-09-29,C-1442,P-2013,2,887.46
ORD-50179,2023-11-29,C-1406,P-2008,1,195.71
ORD-50180,2023-01-14,C-1392,P-2006,2,1322.16
ORD-50181,2023-09-23,C-1308,P-2030,3,1039.44
ORD-50182,2023-03-02,C-1236,P-2025,2,924.44
ORD-50183,2023-12-27,C-1467,P-2007,3,1402.08
ORD-50184,2023-05-27,C-1470,P-2030,2,692.96
ORD-50185,2023-04-13,C-1369,P-2005,1,866.26
ORD-50186,2023-08-20,C-1316,P-2029,3,2324.85
ORD-50187,2023-08-16,C-1339,P-2026,3,1169.25
ORD-50188,2024-03-08,C-1387,P-2022,2,1027.56
ORD-50189,2023-12-30,C-1438,P-2018,3,697.35
ORD-50190,2023-05-29,C-1128,P-2028,1,865.39
ORD-50191,2023-12-31,C-1365,P-2030,3,1039.44
ORD-50192,2023-11-23,C-1035,P-2026,2,779.5
ORD-50193,2023-09-18,C-1220,P-2004,1,124.76
ORD-50194,2024-02-10,C-1173,P-2008,2,391.42
ORD-50195,2023-01-14,C-1049,P-2018,3,697.35
ORD-50196,2023-07-08,C-1391,P-2026,3,1169.25
ORD-50197,2023-03-08,C-1353,P-2029,1,774.95
ORD-50198,2023-02-03,C-1482,P-2013,3,1331.19
ORD-50199,2024-01-04,C-1060,P-2017,2,1113.46
ORD-50200,2024-01-29,C-1058,P-2027,3,1539.48
ORD-50201,2023-02-07,C-1209,P-2011,3,634.56
ORD-50202,2023-02-07,C-1012,P-2015,3,2403.96
ORD-50203,2023-09-22,C-1117,P-2005,3,2598.78
ORD-50204,2023-11-24,C-1440,P-2006,1,661.08
ORD-50205,2023-08-10,C-1138,P-2030,1,346.48
ORD-50206,2024-03-01,C-1073,P-2017,1,556.73
ORD-50207,2023-06-05,C-1388,P-2006,2,1322.16
ORD-50208,2023-12-30,C-1074,P-2012,3,419.1
ORD-50209,2023-05-26,C-1361,P-2009,1,626.41
ORD-50210,2023-11-22,C-1175,P-2009,1,626.41
ORD-50211,2023-11-17,C-1154,P-2020,3,1953.69
ORD-50212,2023-02-17,C-1138,P-2021,1,503.39
ORD-50213,2023-10-31,C-1163,P-2005,1,866.26
ORD-50214,2023-12-04,C-1293,P-2024,3,2941.32
ORD-50215,2023-06-22,C-1343,P-2002,1,46.33
ORD-50216,2023-02-11,C-1193,P-2021,3,1510.17
ORD-50217,2023-05-16,C-1301,P-2007,3,1402.08
ORD-50218,2023-08-02,C-1461,P-2021,1,503.39
ORD-50219,2023-09-12,C-1044,P-2018,2,464.9
ORD-50220,2023-11-25,C-1439,P-2016,1,317.64
ORD-50221,2024-02-17,C-1418,P-2022,2,1027.56
ORD-50222,2023-06-02,C-1113,P-2003,3,964.11
ORD-50223,2023-01-31,C-1194,P-2015,2,1602.64
ORD-50224,2023-09-05,C-1059,P-2007,2,934.72
ORD-50225,2023-11-07,C-1354,P-2011,3,634.56
ORD-50226,2023-06-13,C-1303,P-2028,2,1730.78
ORD-50227,2023-07-24,C-1079,P-2025,2,924.44
ORD-50228,2023-09-21,C-1015,P-2004,2,249.52
ORD-50229,2023-05-04,C-1071,P-2004,2,249.52
ORD-50230,2023-08-19,C-1457,P-2005,1,866.26
ORD-50231,2023-01-26,C-1481,P-2013,3,1331.19
ORD-50232,2023-08-03,C-1317,P-2028,1,865.39
ORD-50233,2024-02-21,C-1011,P-2030,3,1039.44
ORD-50234,2024-01-05,C-1121,P-2007,1,467.36
ORD-50235,2023-09-13,C-1352,P-2015,2,1602.64
ORD-50236,2024-03-26,C-1468,P-2016,1,317.64
ORD-50237,2023-02-16,C-1404,P-2017,2,1113.46
ORD-50238,2023-05-04,C-1028,P-2019,2,933.66
ORD-50239,2023-01-25,C-1164,P-2010,2,1258.3
ORD-50240,2023-11-02,C-1013,P-2022,2,1027.56
ORD-50241,2023-05-27,C-1248,P-2001,1,815.43
ORD-50242,2023-08-09,C-1240,P-2029,2,1549.9
ORD-50243,2024-01-08,C-1442,P-2025,2,924.44
ORD-50244,2023-07-07,C-1193,P-2013,1,443.73
ORD-50245,2023-10-19,C-1015,P-2007,2,934.72
ORD-50246,2023-10-11,C-1226,P-2003,2,642.74
ORD-50247,2023-09-16,C-1012,P-2025,3,1386.66
ORD-50248,2023-05-24,C-1045,P-2020,3,1953.69
ORD-50249,2023-11-09,C-1475,P-2005,1,866.26
ORD-50250,2023-07-21,C-1067,P-2026,2,779.5
ORD-50251,2023-10-13,C-1442,P-2025,1,462.22
ORD-50252,2023-04-12,C-1053,P-2017,2,1113.46
ORD-50253,2023-09-14,C-1282,P-2002,1,46.33
ORD-50254,2023-03-12,C-1160,P-2011,2,423.04
ORD-50255,2023-09-23,C-1032,P-2005,3,2598.78
ORD-50256,2023-09-21,C-1173,P-2011,3,634.56
ORD-50257,2023-06-13,C-1367,P-2013,3,1331.19
ORD-50258,2024-01-14,C-1128,P-2019,2,933.66
ORD-50259,2023-09-17,C-1347,P-2017,3,1670.19
ORD-50260,2023-09-08,C-1314,P-2019,2,933.66
ORD-50261,2023-09-01,C-1487,P-2001,2,1630.86
ORD-50262,2023-06-19,C-1488,P-2004,2,249.52
ORD-50263,2023-10-26,C-1468,P-2026,3,1169.25
ORD-50264,2024-03-22,C-1408,P-2021,1,503.39
ORD-50265,2023-11-02,C-1252,P-2009,3,1879.23
ORD-50266,2024-02-05,C-1375,P-2019,3,1400.49
ORD-50267,2023-04-27,C-1427,P-2002,3,138.99
ORD-50268,2023-09-03,C-1449,P-2017,3,1670.19
ORD-50269,2024-01-05,C-1358,P-2025,2,924.44
ORD-50270,2023-03-17,C-1145,P-2022,1,513.78
ORD-50271,2023-01-17,C-1260,P-2023,1,421.34
ORD-50272,2023-04-08,C-1300,P-2015,2,1602.64
ORD-50273,2023-08-03,C-1168,P-2014,3,390.63
ORD-50274,2023-04-15,C-1239,P-2017,3,1670.19
ORD-50275,2023-08-30,C-1392,P-2024,1,980.44
ORD-50276,2023-12-28,C-1135,P-2017,1,556.73
ORD-50277,2023-10-15,C-1334,P-2022,2,1027.56
ORD-50278,2023-09-27,C-1499,P-2011,1,211.52
ORD-50279,2023-08-24,C-1008,P-2011,3,634.56
ORD-50280,2023-07-01,C-1286,P-2025,3,1386.66
ORD-50281,2023-12-15,C-1328,P-2026,3,1169.25
ORD-50282,2023-05-16,C-1295,P-2016,1,317.64
ORD-50283,2023-05-07,C-1406,P-2018,2,464.9
ORD-50284,2023-04-26,C-1217,P-2025,2,924.44
ORD-50285,2023-12-27,C-1153,P-2023,3,1264.02
ORD-50286,2023-09-08,C-1469,P-2016,2,635.28
ORD-50287,2023-10-14,C-1480,P-2024,2,1960.88
ORD-50288,2023-05-28,C-1369,P-2019,3,1400.49
ORD-50289,2023-10-06,C-1167,P-2029,2,1549.9
ORD-50290,2024-02-24,C-1117,P-2025,1,462.22
ORD-50291,2023-05-29,C-1390,P-2010,3,1887.45
ORD-50292,2023-02-10,C-1364,P-2030,2,692.96
ORD-50293,2023-12-02,C-1298,P-2024,2,1960.88
ORD-50294,2023-04-20,C-1227,P-2027,3,1539.48
ORD-50295,2023-05-19,C-1015,P-2023,2,842.68
ORD-50296,2023-03-12,C-1051,P-2020,3,1953.69
ORD-50297,2023-10-28,C-1087,P-2008,1,195.71
ORD-50298,2023-12-09,C-1261,P-2008,3,587.13
ORD-50299,2023-04-30,C-1445,P-2004,2,249.52
ORD-50300,2023-06-19,C-1336,P-2016,1,317.64
ORD-50301,2023-12-15,C-1386,P-2005,1,866.26
ORD-50302,2023-10-09,C-1194,P-2014,3,390.63
ORD-50303,2024-03-26,C-1262,P-2016,3,952.92
ORD-50304,2023-04-13,C-1057,P-2010,2,1258.3
ORD-50305,2023-05-27,C-1082,P-2002,1,46.33
ORD-50306,2023-11-30,C-1260,P-2008,3,587.13
ORD-50307,2024-01-14,C-1075,P-2028,1,865.39
ORD-50308,2023-03-31,C-1115,P-2029,1,774.95
ORD-50309,2023-01-19,C-1139,P-2026,2,779.5
ORD-50310,2023-04-06,C-1230,P-2028,2,1730.78
ORD-50311,2024-03-24,C-1170,P-2001,2,1630.86
ORD-50312,2023-10-18,C-1053,P-2004,2,249.52
ORD-50313,2023-05-26,C-1113,P-2021,3,1510.17
ORD-50314,2023-09-26,C-1171,P-2029,1,774.95
ORD-50315,2024-03-11,C-1107,P-2015,2,1602.64
ORD-50316,2023-04-09,C-1484,P-2004,2,249.52
ORD-50317,2023-03-25,C-1211,P-2015,3,2403.96
ORD-50318,2023-05-12,C-1336,P-2006,1,661.08
ORD-50319,2024-01-13,C-1025,P-2026,2,779.5
ORD-50320,2023-10-18,C-1027,P-2025,1,462.22
ORD-50321,2023-03-31,C-1295,P-2028,3,2596.17
ORD-50322,2023-07-27,C-1330,P-2014,3,390.63
ORD-50323,2023-06-17,C-1339,P-2013,3,1331.19
ORD-50324,2023-02-18,C-1116,P-2005,2,1732.52
ORD-50325,2023-06-15,C-1317,P-2001,2,1630.86
ORD-50326,2023-07-16,C-1349,P-2015,2,1602.64
ORD-50327,2023-06-18,C-1439,P-2019,3,1400.49
ORD-50328,2023-10-21,C-1144,P-2009,3,1879.23
ORD-50329,2023-07-04,C-1304,P-2008,1,195.71
ORD-50330,2023-12-08,C-1475,P-2015,2,1602.64
ORD-50331,2023-03-23,C-1306,P-2022,3,1541.34
ORD-50332,2023-12-27,C-1386,P-2010,3,1887.45
ORD-50333,2023-03-02,C-1413,P-2030,2,692.96
ORD-50334,2023-07-08,C-1201,P-2008,1,195.71
ORD-50335,2023-03-10,C-1315,P-2005,2,1732.52
ORD-50336,2024-01-18,C-1224,P-2012,2,279.4
ORD-50337,2023-12-26,C-1421,P-2030,2,692.96
ORD-50338,2024-01-23,C-1272,P-2026,3,1169.25
ORD-50339,2024-02-27,C-1150,P-2025,1,462.22
ORD-50340,2023-12-15,C-1189,P-2020,1,651.23
ORD-50341,2023-09-27,C-1467,P-2017,3,1670.19
ORD-50342,2023-07-05,C-1242,P-2030,3,1039.44
ORD-50343,2023-02-27,C-1196,P-2027,3,1539.48
ORD-50344,2023-09-16,C-1227,P-2019,3,1400.49
ORD-50345,2023-03-18,C-1388,P-2011,3,634.56
ORD-50346,2023-08-15,C-1269,P-2022,1,513.78
ORD-50347,2024-01-03,C-1492,P-2016,1,317.64
ORD-50348,2023-09-19,C-1467,P-2026,1,389.75
ORD-50349,2023-08-21,C-1038,P-2017,2,1113.46
ORD-50350,2023-08-22,C-1343,P-2002,3,138.99
ORD-50351,2023-08-25,C-1488,P-2026,2,779.5
ORD-50352,2024-01-06,C-1337,P-2013,2,887.46
ORD-50353,2024-02-23,C-1259,P-2024,1,980.44
ORD-50354,2023-10-24,C-1162,P-2002,2,92.66
ORD-50355,2023-06-26,C-1264,P-2003,3,964.11
ORD-50356,2023-01-31,C-1210,P-2030,2,692.96
ORD-50357,2023-01-17,C-1037,P-2014,1,130.21
ORD-50358,2024-01-29,C-1400,P-2025,3,1386.66
ORD-50359,2024-01-09,C-1082,P-2014,2,260.42
ORD-50360,2023-07-15,C-1241,P-2028,2,1730.78
ORD-50361,2023-07-12,C-1415,P-2022,3,1541.34
ORD-50362,2024-03-23,C-1267,P-2005,3,2598.78
ORD-50363,2024-03-16,C-1180,P-2004,1,124.76
ORD-50364,2023-10-03,C-1404,P-2017,1,556.73
ORD-50365,2024-01-08,C-1220,P-2027,1,513.16
ORD-50366,2024-01-23,C-1337,P-2010,2,1258.3
ORD-50367,2023-12-11,C-1083,P-2018,2,464.9
ORD-50368,2023-09-30,C-1167,P-2027,1,513.16
ORD-50369,2023-05-07,C-1344,P-2012,1,139.7
ORD-50370,2023-05-22,C-1046,P-2030,3,1039.44
ORD-50371,2024-01-27,C-1225,P-2002,3,138.99
ORD-50372,2023-08-03,C-1201,P-2025,1,462.22
ORD-50373,2023-05-04,C-1355,P-2003,1,321.37
ORD-50374,2023-11-01,C-1247,P-2015,3,2403.96
ORD-50375,2023-12-11,C-1402,P-2028,1,865.39
ORD-50376,2023-05-06,C-1159,P-2002,2,92.66
ORD-50377,2023-08-13,C-1289,P-2018,1,232.45
ORD-50378,2024-01-22,C-1375,P-2002,1,46.33
ORD-50379,2023-09-15,C-1481,P-2008,3,587.13
ORD-50380,2023-10-22,C-1387,P-2019,3,1400.49
ORD-50381,2024-01-31,C-1488,P-2027,2,1026.32
ORD-50382,2023-05-02,C-1439,P-2029,1,774.95
ORD-50383,2023-12-05,C-1348,P-2008,2,391.42
ORD-50384,2023-06-03,C-1004,P-2002,3,138.99
ORD-50385,2023-10-30,C-1392,P-2030,1,346.48
ORD-50386,2023-11-17,C-1318,P-2014,3,390.63
ORD-50387,2023-09-11,C-1233,P-2012,3,419.1
ORD-50388,2023-12-10,C-1212,P-2026,3,1169.25
ORD-50389,2023-06-13,C-1446,P-2014,2,260.42
ORD-50390,2023-03-18,C-1128,P-2013,1,443.73
ORD-50391,2024-01-22,C-1272,P-2016,1,317.64
ORD-50392,2024-03-10,C-1074,P-2010,3,1887.45
ORD-50393,2023-03-15,C-1459,P-2015,1,801.32
ORD-50394,2023-10-15,C-1486,P-2014,3,390.63
ORD-50395,2023-09-29,C-1240,P-2013,1,443.73
ORD-50396,2023-05-11,C-1085,P-2011,3,634.56
ORD-50397,2023-02-10,C-1012,P-2028,2,1730.78
ORD-50398,2023-02-17,C-1248,P-2024,1,980.44
ORD-50399,2023-01-27,C-1235,P-2013,3,1331.19
ORD-50400,2023-11-06,C-1053,P-2002,1,46.33
ORD-50401,2023-04-07,C-1103,P-2025,3,1386.66
ORD-50402,2024-01-06,C-1434,P-2018,1,232.45
ORD-50403,2023-09-03,C-1153,P-2028,2,1730.78
ORD-50404,2023-06-05,C-1152,P-2007,1,467.36
ORD-50405,2024-01-15,C-1475,P-2024,2,1960.88
ORD-50406,2023-05-05,C-1446,P-2020,3,1953.69
ORD-50407,2023-04-15,C-1139,P-2030,1,346.48
ORD-50408,2023-10-10,C-1294,P-2025,2,924.44
ORD-50409,2023-07-14,C-1071,P-2018,3,697.35
ORD-50410,2023-07-03,C-1468,P-2009,2,1252.82
ORD-50411,2023-09-20,C-1453,P-2015,1,801.32
ORD-50412,2024-02-16,C-1427,P-2016,2,635.28
ORD-50413,2023-04-15,C-1489,P-2011,2,423.04
ORD-50414,2023-01-24,C-1343,P-2028,1,865.39
ORD-50415,2024-01-15,C-1203,P-2001,2,1630.86
ORD-50416,2023-10-11,C-1005,P-2019,3,1400.49
ORD-50417,2023-08-02,C-1327,P-2005,1,866.26
ORD-50418,2023-06-18,C-1271,P-2013,3,1331.19
ORD-50419,2024-03-02,C-1312,P-2016,3,952.92
ORD-50420,2023-12-02,C-1133,P-2011,2,423.04
ORD-50421,2024-01-26,C-1145,P-2016,3,952.92
ORD-50422,2023-11-25,C-1156,P-2016,2,635.28
ORD-50423,2023-03-28,C-1303,P-2026,2,779.5
ORD-50424,2023-03-28,C-1173,P-2024,3,2941.32
ORD-50425,2023-09-08,C-1116,P-2030,3,1039.44
ORD-50426,2023-11-25,C-1292,P-2017,1,556.73
ORD-50427,2024-03-05,C-1381,P-2027,3,1539.48
ORD-50428,2023-01-25,C-1105,P-2001,2,1630.86
ORD-50429,2023-03-12,C-1430,P-2008,1,195.71
ORD-50430,2023-12-29,C-1168,P-2001,1,815.43
ORD-50431,2023-09-16,C-1032,P-2012,1,139.7
ORD-50432,2023-11-13,C-1003,P-2022,3,1541.34
ORD-50433,2023-09-05,C-1483,P-2016,1,317.64
ORD-50434,2023-01-04,C-1008,P-2018,2,464.9
ORD-50435,2023-01-07,C-1428,P-2017,3,1670.19
ORD-50436,2023-05-21,C-1248,P-2010,1,629.15
ORD-50437,2023-09-15,C-1129,P-2023,3,1264.02
ORD-50438,2023-08-09,C-1459,P-2030,1,346.48
ORD-50439,2023-02-24,C-1253,P-2017,1,556.73
ORD-50440,2023-05-04,C-1050,P-2020,3,1953.69
ORD-50441,2023-05-10,C-1487,P-2012,2,279.4
ORD-50442,2024-02-12,C-1139,P-2003,2,642.74
ORD-50443,2023-07-27,C-1344,P-2019,1,466.83
ORD-50444,2023-12-23,C-1074,P-2010,3,1887.45
ORD-50445,2024-02-28,C-1415,P-2021,3,1510.17
ORD-50446,2024-01-24,C-1275,P-2003,2,642.74
ORD-50447,2023-07-14,C-1452,P-2018,2,464.9
ORD-50448,2023-01-29,C-1003,P-2001,3,2446.29
ORD-50449,2023-03-29,C-1195,P-2016,2,635.28
ORD-50450,2023-11-27,C-1149,P-2011,3,634.56
ORD-50451,2024-03-15,C-1077,P-2029,3,2324.85
ORD-50452,2023-01-22,C-1271,P-2007,3,1402.08
ORD-50453,2023-10-18,C-1262,P-2009,1,626.41
ORD-50454,2023-02-08,C-1133,P-2030,2,692.96
ORD-50455,2023-10-06,C-1343,P-2022,1,513.78
ORD-50456,2023-04-02,C-1373,P-2001,1,815.43
ORD-50457,2023-10-28,C-1354,P-2025,3,1386.66
ORD-50458,2024-02-25,C-1139,P-2030,1,346.48
ORD-50459,2023-06-03,C-1367,P-2019,1,466.83
ORD-50460,2023-10-18,C-1276,P-2022,3,1541.34
ORD-50461,2023-06-19,C-1376,P-2025,3,1386.66
ORD-50462,2023-03-13,C-1377,P-2023,3,1264.02
ORD-50463,2023-02-10,C-1460,P-2024,2,1960.88
ORD-50464,2023-01-28,C-1018,P-2014,1,130.21
ORD-50465,2024-03-05,C-1381,P-2011,3,634.56
ORD-50466,2024-01-29,C-1201,P-2020,2,1302.46
ORD-50467,2024-02-01,C-1011,P-2001,3,2446.29
ORD-50468,2023-05-20,C-1149,P-2015,2,1602.64
ORD-50469,2023-04-27,C-1356,P-2018,2,464.9
ORD-50470,2023-08-10,C-1382,P-2022,3,1541.34
ORD-50471,2023-12-05,C-1167,P-2003,3,964.11
ORD-50472,2023-06-01,C-1010,P-2008,3,587.13
ORD-50473,2023-02-07,C-1195,P-2009,1,626.41
ORD-50474,2023-07-14,C-1182,P-2026,3,1169.25
ORD-50475,2023-03-20,C-1156,P-2013,2,887.46
ORD-50476,2023-07-04,C-1169,P-2003,1,321.37
ORD-50477,2023-06-07,C-1055,P-2012,2,279.4
ORD-50478,2023-02-22,C-1038,P-2003,1,321.37
ORD-50479,2023-08-09,C-1241,P-2018,3,697.35
ORD-50480,2023-09-20,C-1491,P-2004,1,124.76
ORD-50481,2023-02-15,C-1372,P-2018,1,232.45
ORD-50482,2023-11-02,C-1311,P-2026,2,779.5
ORD-50483,2024-03-18,C-1102,P-2001,2,1630.86
ORD-50484,2023-07-31,C-1308,P-2025,1,462.22
ORD-50485,2024-01-07,C-1091,P-2029,1,774.95
ORD-50486,2023-10-20,C-1348,P-2006,3,1983.24
ORD-50487,2023-07-14,C-1277,P-2005,2,1732.52
ORD-50488,2023-06-04,C-1235,P-2016,1,317.64
ORD-50489,2023-02-02,C-1249,P-2014,2,260.42
ORD-50490,2023-08-04,C-1128,P-2016,1,317.64
ORD-50491,2023-07-04,C-1379,P-2008,3,587.13
ORD-50492,2023-11-17,C-1243,P-2020,3,1953.69
ORD-50493,2023-04-11,C-1237,P-2004,1,124.76
ORD-50494,2023-06-05,C-1420,P-2013,2,887.46
ORD-50495,2024-03-06,C-1358,P-2013,2,887.46
ORD-50496,2023-08-14,C-1380,P-2014,3,390.63
ORD-50497,2023-11-01,C-1400,P-2010,2,1258.3
ORD-50498,2023-11-05,C-1470,P-2007,2,934.72
ORD-50499,2023-06-10,C-1120,P-2013,2,887.46
ORD-50500,2023-05-30,C-1392,P-2023,3,1264.02
ORD-50501,2023-09-09,C-1473,P-2026,1,389.75
ORD-50502,2023-06-16,C-1499,P-2009,2,1252.82
ORD-50503,2023-07-06,C-1444,P-2030,3,1039.44
ORD-50504,2023-04-13,C-1266,P-2018,1,232.45
ORD-50505,2023-12-16,C-1465,P-2018,1,232.45
ORD-50506,2024-01-08,C-1435,P-2023,1,421.34
ORD-50507,2023-08-13,C-1010,P-2010,3,1887.45
ORD-50508,2023-02-05,C-1042,P-2028,2,1730.78
ORD-50509,2023-12-11,C-1178,P-2005,3,2598.78
ORD-50510,2023-06-05,C-1089,P-2009,3,1879.23
ORD-50511,2023-03-20,C-1285,P-2014,2,260.42
ORD-50512,2023-02-07,C-1241,P-2020,2,1302.46
ORD-50513,2023-10-26,C-1131,P-2018,3,697.35
ORD-50514,2024-03-21,C-1304,P-2014,3,390.63
ORD-50515,2023-01-19,C-1377,P-2012,3,419.1
ORD-50516,2024-02-20,C-1248,P-2020,3,1953.69
ORD-50517,2023-02-13,C-1051,P-2025,1,462.22
ORD-50518,2023-12-03,C-1455,P-2012,1,139.7
ORD-50519,2023-11-28,C-1353,P-2002,3,138.99
ORD-50520,2023-11-27,C-1286,P-2021,2,1006.78
ORD-50521,2024-01-21,C-1140,P-2026,2,779.5
ORD-50522,2023-02-24,C-1144,P-2004,2,249.52
ORD-50523,2023-04-24,C-1309,P-2024,3,2941.32
ORD-50524,2023-10-13,C-1163,P-2023,3,1264.02
ORD-50525,2023-04-24,C-1467,P-2012,2,279.4
ORD-50526,2023-08-26,C-1093,P-2022,3,1541.34
ORD-50527,2023-12-20,C-1460,P-2005,2,1732.52
ORD-50528,2023-01-13,C-1137,P-2004,2,249.52
ORD-50529,2023-08-01,C-1197,P-2004,3,374.28
ORD-50530,2023-03-14,C-1180,P-2010,2,1258.3
ORD-50531,2023-08-22,C-1149,P-2007,3,1402.08
ORD-50532,2023-09-05,C-1180,P-2016,1,317.64
ORD-50533,2023-08-13,C-1427,P-2023,2,842.68
ORD-50534,2023-06-13,C-1397,P-2010,1,629.15
ORD-50535,2024-02-19,C-1365,P-2004,1,124.76
ORD-50536,2024-03-10,C-1146,P-2021,1,503.39
ORD-50537,2023-12-13,C-1185,P-2006,3,1983.24
ORD-50538,2023-05-05,C-1106,P-2006,3,1983.24
ORD-50539,2023-03-23,C-1140,P-2018,2,464.9
ORD-50540,2023-08-25,C-1464,P-2026,2,779.5
ORD-50541,2023-11-19,C-1116,P-2006,3,1983.24
ORD-50542,2023-12-03,C-1063,P-2013,1,443.73
ORD-50543,2024-01-13,C-1201,P-2029,1,774.95
ORD-50544,2023-08-19,C-1266,P-2014,2,260.42
ORD-50545,2023-01-03,C-1402,P-2007,1,467.36
ORD-50546,2023-05-23,C-1192,P-2023,1,421.34
ORD-50547,2023-10-23,C-1257,P-2026,3,1169.25
ORD-50548,2023-04-06,C-1442,P-2011,1,211.52
ORD-50549,2023-08-23,C-1444,P-2009,3,1879.23
ORD-50550,2024-03-17,C-1454,P-2017,3,1670.19
ORD-50551,2023-06-10,C-1052,P-2013,3,1331.19
ORD-50552,2023-07-20,C-1440,P-2004,2,249.52
ORD-50553,2023-06-30,C-1237,P-2020,1,651.23
ORD-50554,2024-02-21,C-1488,P-2023,2,842.68
ORD-50555,2023-11-11,C-1062,P-2003,3,964.11
ORD-50556,2023-03-10,C-1121,P-2004,1,124.76
ORD-50557,2023-06-06,C-1269,P-2006,2,1322.16
ORD-50558,2023-12-22,C-1319,P-2017,2,1113.46
ORD-50559,2023-08-03,C-1052,P-2005,3,2598.78
ORD-50560,2023-07-16,C-1307,P-2006,2,1322.16
ORD-50561,2023-11-22,C-1272,P-2023,3,1264.02
ORD-50562,2023-03-30,C-1322,P-2006,2,1322.16
ORD-50563,2023-05-28,C-1173,P-2006,2,1322.16
ORD-50564,2024-03-07,C-1012,P-2020,1,651.23
ORD-50565,2024-03-19,C-1070,P-2001,2,1630.86
ORD-50566,2023-03-11,C-1389,P-2027,2,1026.32
ORD-50567,2023-10-15,C-1107,P-2021,2,1006.78
ORD-50568,2023-07-29,C-1133,P-2016,2,635.28
ORD-50569,2023-12-30,C-1055,P-2016,1,317.64
ORD-50570,2023-02-12,C-1411,P-2001,1,815.43
ORD-50571,2023-05-30,C-1275,P-2009,1,626.41
ORD-50572,2023-10-03,C-1226,P-2006,2,1322.16
ORD-50573,2023-10-17,C-1417,P-2025,2,924.44
ORD-50574,2023-10-09,C-1309,P-2004,3,374.28
ORD-50575,2023-02-28,C-1235,P-2025,3,1386.66
ORD-50576,2024-02-26,C-1442,P-2018,1,232.45
ORD-50577,2024-01-25,C-1083,P-2015,3,2403.96
ORD-50578,2023-04-22,C-1331,P-2004,3,374.28
ORD-50579,2024-02-29,C-1013,P-2025,1,462.22
ORD-50580,2023-06-02,C-1275,P-2015,2,1602.64
ORD-50581,2023-06-28,C-1497,P-2003,2,642.74
ORD-50582,2024-03-19,C-1475,P-2025,1,462.22
ORD-50583,2023-04-18,C-1399,P-2024,3,2941.32
ORD-50584,2023-12-19,C-1112,P-2028,3,2596.17
ORD-50585,2023-11-09,C-1205,P-2014,1,130.21
ORD-50586,2023-11-12,C-1173,P-2026,1,389.75
ORD-50587,2024-02-21,C-1355,P-2026,1,389.75
ORD-50588,2023-10-19,C-1112,P-2018,2,464.9
ORD-50589,2023-11-02,C-1272,P-2006,2,1322.16
ORD-50590,2023-12-27,C-1490,P-2010,3,1887.45
ORD-50591,2023-05-17,C-1352,P-2029,3,2324.85
ORD-50592,2024-02-22,C-1077,P-2005,2,1732.52
ORD-50593,2023-01-31,C-1238,P-2028,3,2596.17
ORD-50594,2023-03-06,C-1231,P-2028,1,865.39
ORD-50595,2023-05-08,C-1203,P-2023,2,842.68
ORD-50596,2024-02-29,C-1457,P-2025,3,1386.66
ORD-50597,2023-07-21,C-1454,P-2005,3,2598.78
ORD-50598,2023-11-20,C-1235,P-2021,2,1006.78
ORD-50599,2023-07-12,C-1305,P-2003,3,964.11
ORD-50600,2024-02-11,C-1465,P-2003,2,642.74
ORD-50601,2023-09-21,C-1230,P-2009,3,1879.23
ORD-50602,2024-03-25,C-1017,P-2015,2,1602.64
ORD-50603,2023-06-17,C-1163,P-2001,3,2446.29
ORD-50604,2023-02-17,C-1211,P-2015,3,2403.96
ORD-50605,2023-12-07,C-1109,P-2012,1,139.7
ORD-50606,2024-02-12,C-1351,P-2013,1,443.73
ORD-50607,2023-08-08,C-1045,P-2007,2,934.72
ORD-50608,2023-05-18,C-1151,P-2027,2,1026.32
ORD-50609,2023-06-22,C-1378,P-2019,1,466.83
ORD-50610,2023-10-17,C-1034,P-2026,2,779.5
ORD-50611,2023-12-16,C-1043,P-2002,1,46.33
ORD-50612,2023-02-20,C-1448,P-2026,2,779.5
ORD-50613,2023-01-09,C-1073,P-2030,1,346.48
ORD-50614,2023-08-14,C-1032,P-2001,2,1630.86
ORD-50615,2023-04-14,C-1408,P-2030,1,346.48
ORD-50616,2023-11-29,C-1439,P-2006,2,1322.16
ORD-50617,2023-02-17,C-1342,P-2012,2,279.4
ORD-50618,2023-02-12,C-1186,P-2022,3,1541.34
ORD-50619,2023-03-26,C-1445,P-2013,3,1331.19
ORD-50620,2023-06-06,C-1207,P-2023,1,421.34
ORD-50621,2023-08-08,C-1342,P-2003,3,964.11
ORD-50622,2023-02-18,C-1403,P-2007,2,934.72
ORD-50623,2023-02-09,C-1038,P-2019,1,466.83
ORD-50624,2023-09-23,C-1056,P-2015,1,801.32
ORD-50625,2023-01-05,C-1446,P-2011,1,211.52
ORD-50626,2024-03-16,C-1307,P-2023,1,421.34
ORD-50627,2023-09-02,C-1022,P-2008,2,391.42
ORD-50628,2023-02-15,C-1211,P-2026,1,389.75
ORD-50629,2023-02-22,C-1121,P-2012,2,279.4
ORD-50630,2023-03-12,C-1212,P-2025,1,462.22
ORD-50631,2023-11-25,C-1286,P-2005,1,866.26
ORD-50632,2023-09-29,C-1343,P-2001,3,2446.29
ORD-50633,2023-11-29,C-1388,P-2015,2,1602.64
ORD-50634,2024-01-05,C-1166,P-2021,3,1510.17
ORD-50635,2023-03-19,C-1239,P-2020,3,1953.69
ORD-50636,2023-08-15,C-1150,P-2003,1,321.37
ORD-50637,2023-03-13,C-1192,P-2004,3,374.28
ORD-50638,2024-01-09,C-1376,P-2012,2,279.4
ORD-50639,2023-06-11,C-1398,P-2005,1,866.26
ORD-50640,2023-05-22,C-1082,P-2003,1,321.37
ORD-50641,2023-10-11,C-1141,P-2020,3,1953.69
ORD-50642,2023-11-08,C-1080,P-2025,3,1386.66
ORD-50643,2023-01-14,C-1483,P-2029,2,1549.9
ORD-50644,2023-04-16,C-1268,P-2020,3,1953.69
ORD-50645,2023-04-07,C-1132,P-2013,2,887.46
ORD-50646,2023-11-27,C-1096,P-2026,1,389.75
ORD-50647,2023-09-11,C-1102,P-2004,1,124.76
ORD-50648,2023-09-13,C-1003,P-2020,1,651.23
ORD-50649,2023-09-28,C-1371,P-2012,2,279.4
ORD-50650,2023-03-09,C-1308,P-2028,3,2596.17
ORD-50651,2023-08-04,C-1442,P-2018,3,697.35
ORD-50652,2023-03-30,C-1043,P-2016,1,317.64
ORD-50653,2023-01-09,C-1440,P-2003,1,321.37
ORD-50654,2023-05-15,C-1028,P-2002,1,46.33
ORD-50655,2024-02-09,C-1139,P-2017,2,1113.46
ORD-50656,2023-11-18,C-1182,P-2017,2,1113.46
ORD-50657,2023-08-05,C-1231,P-2013,1,443.73
ORD-50658,2023-11-24,C-1248,P-2018,3,697.35
ORD-50659,2023-03-20,C-1406,P-2003,2,642.74
ORD-50660,2023-02-10,C-1309,P-2030,1,346.48
ORD-50661,2024-02-18,C-1273,P-2018,2,464.9
ORD-50662,2023-07-20,C-1440,P-2021,3,1510.17
ORD-50663,2023-12-15,C-1328,P-2003,2,642.74
ORD-50664,2023-12-24,C-1188,P-2024,1,980.44
ORD-50665,2023-01-30,C-1312,P-2003,2,642.74
ORD-50666,2023-03-01,C-1113,P-2020,3,1953.69
ORD-50667,2023-01-29,C-1482,P-2022,3,1541.34
ORD-50668,2023-12-03,C-1159,P-2006,1,661.08
ORD-50669,2023-01-07,C-1314,P-2005,3,2598.78
ORD-50670,2023-01-06,C-1367,P-2016,2,635.28
ORD-50671,2023-09-25,C-1106,P-2026,3,1169.25
ORD-50672,2023-05-13,C-1249,P-2012,1,139.7
ORD-50673,2024-01-19,C-1143,P-2028,2,1730.78
ORD-50674,2024-01-11,C-1475,P-2025,1,462.22
ORD-50675,2023-06-21,C-1418,P-2014,2,260.42
ORD-50676,2023-09-26,C-1119,P-2009,3,1879.23
ORD-50677,2023-10-23,C-1044,P-2003,2,642.74
ORD-50678,2023-08-22,C-1309,P-2012,1,139.7
ORD-50679,2023-09-13,C-1048,P-2006,2,1322.16
ORD-50680,2023-03-22,C-1254,P-2025,1,462.22
ORD-50681,2023-10-21,C-1027,P-2024,1,980.44
ORD-50682,2023-04-27,C-1159,P-2017,1,556.73
ORD-50683,2023-01-23,C-1371,P-2008,1,195.71
ORD-50684,2023-08-30,C-1158,P-2013,1,443.73
ORD-50685,2023-04-02,C-1176,P-2018,3,697.35
ORD-50686,2024-01-15,C-1342,P-2014,1,130.21
ORD-50687,2023-06-14,C-1317,P-2014,3,390.63
ORD-50688,2023-06-13,C-1363,P-2027,1,513.16
ORD-50689,2023-10-20,C-1186,P-2004,3,374.28
ORD-50690,2023-12-11,C-1445,P-2006,1,661.08
ORD-50691,2024-02-16,C-1106,P-2002,2,92.66
ORD-50692,2023-02-05,C-1071,P-2028,2,1730.78
ORD-50693,2024-02-01,C-1054,P-2011,1,211.52
ORD-50694,2023-10-11,C-1032,P-2001,2,1630.86
ORD-50695,2023-04-13,C-1490,P-2019,2,933.66
ORD-50696,2024-01-14,C-1033,P-2008,2,391.42
ORD-50697,2023-07-08,C-1062,P-2016,1,317.64
ORD-50698,2024-01-11,C-1218,P-2025,1,462.22
ORD-50699,2023-03-19,C-1420,P-2030,2,692.96
ORD-50700,2023-01-13,C-1289,P-2018,2,464.9
ORD-50701,2023-11-22,C-1470,P-2029,1,774.95
ORD-50702,2023-06-21,C-1403,P-2025,3,1386.66
ORD-50703,2023-07-12,C-1142,P-2024,2,1960.88
ORD-50704,2023-02-23,C-1355,P-2017,1,556.73
ORD-50705,2023-08-03,C-1094,P-2002,1,46.33
ORD-50706,2023-12-31,C-1346,P-2003,1,321.37
ORD-50707,2023-04-29,C-1348,P-2014,3,390.63
ORD-50708,2023-07-10,C-1237,P-2024,1,980.44
ORD-50709,2023-10-25,C-1077,P-2017,1,556.73
ORD-50710,2023-11-23,C-1042,P-2013,1,443.73
ORD-50711,2023-10-31,C-1048,P-2002,2,92.66
ORD-50712,2023-12-06,C-1079,P-2008,2,391.42
ORD-50713,2023-05-14,C-1373,P-2030,2,692.96
ORD-50714,2023-12-25,C-1392,P-2011,2,423.04
ORD-50715,2023-08-20,C-1341,P-2008,1,195.71
ORD-50716,2023-04-14,C-1400,P-2025,3,1386.66
ORD-50717,2023-02-25,C-1273,P-2004,1,124.76
ORD-50718,2023-08-19,C-1071,P-2011,2,423.04
ORD-50719,2023-03-03,C-1248,P-2012,1,139.7
ORD-50720,2023-08-20,C-1468,P-2015,2,1602.64
ORD-50721,2024-03-12,C-1007,P-2003,1,321.37
ORD-50722,2024-02-18,C-1451,P-2010,3,1887.45
ORD-50723,2023-12-23,C-1053,P-2002,1,46.33
ORD-50724,2024-03-03,C-1011,P-2005,1,866.26
ORD-50725,2023-12-31,C-1317,P-2012,2,279.4
ORD-50726,2023-09-20,C-1164,P-2022,2,1027.56
ORD-50727,2023-05-14,C-1042,P-2006,1,661.08
ORD-50728,2023-07-27,C-1305,P-2018,3,697.35
ORD-50729,2023-10-09,C-1317,P-2004,2,249.52
ORD-50730,2023-02-22,C-1103,P-2026,1,389.75
ORD-50731,2023-03-04,C-1371,P-2002,1,46.33
ORD-50732,2023-03-08,C-1360,P-2027,2,1026.32
ORD-50733,2023-07-10,C-1451,P-2021,3,1510.17
ORD-50734,2023-02-13,C-1492,P-2019,2,933.66
ORD-50735,2024-02-21,C-1381,P-2001,1,815.43
ORD-50736,2023-04-12,C-1082,P-2015,1,801.32
ORD-50737,2023-02-17,C-1347,P-2026,2,779.5
ORD-50738,2023-03-04,C-1390,P-2015,1,801.32
ORD-50739,2023-03-28,C-1260,P-2014,3,390.63
ORD-50740,2023-07-22,C-1453,P-2001,2,1630.86
ORD-50741,2023-12-16,C-1466,P-2006,2,1322.16
ORD-50742,2023-04-20,C-1382,P-2009,2,1252.82
ORD-50743,2023-08-17,C-1041,P-2002,3,138.99
ORD-50744,2023-11-14,C-1000,P-2008,3,587.13
ORD-50745,2023-06-01,C-1178,P-2014,3,390.63
ORD-50746,2023-09-03,C-1196,P-2003,2,642.74
ORD-50747,2023-07-16,C-1135,P-2014,1,130.21
ORD-50748,2023-11-26,C-1010,P-2017,1,556.73
ORD-50749,2023-11-19,C-1215,P-2018,1,232.45
ORD-50750,2023-07-15,C-1198,P-2023,2,842.68
ORD-50751,2023-09-03,C-1325,P-2026,2,779.5
ORD-50752,2023-06-26,C-1411,P-2017,2,1113.46
ORD-50753,2023-07-18,C-1363,P-2006,1,661.08
ORD-50754,2023-06-13,C-1052,P-2008,1,195.71
ORD-50755,2024-02-20,C-1204,P-2009,1,626.41
ORD-50756,2024-02-19,C-1155,P-2017,2,1113.46
ORD-50757,2024-01-28,C-1005,P-2008,1,195.71
ORD-50758,2023-02-21,C-1457,P-2022,1,513.78
ORD-50759,2023-05-17,C-1351,P-2027,3,1539.48
ORD-50760,2023-01-29,C-1105,P-2008,3,587.13
ORD-50761,2024-03-09,C-1010,P-2013,2,887.46
ORD-50762,2024-03-05,C-1316,P-2006,1,661.08
ORD-50763,2023-10-31,C-1469,P-2026,3,1169.25
ORD-50764,2023-12-24,C-1070,P-2030,3,1039.44
ORD-50765,2023-01-15,C-1402,P-2023,2,842.68
ORD-50766,2023-10-18,C-1343,P-2005,3,2598.78
ORD-50767,2023-04-07,C-1484,P-2029,2,1549.9
ORD-50768,2023-10-05,C-1482,P-2006,2,1322.16
ORD-50769,2023-01-20,C-1496,P-2002,1,46.33
ORD-50770,2023-11-05,C-1183,P-2001,3,2446.29
ORD-50771,2023-09-02,C-1403,P-2011,3,634.56
ORD-50772,2023-04-14,C-1459,P-2005,2,1732.52
ORD-50773,2024-01-03,C-1120,P-2030,2,692.96
ORD-50774,2023-01-31,C-1337,P-2005,3,2598.78
ORD-50775,2023-12-27,C-1319,P-2025,1,462.22
ORD-50776,2024-03-09,C-1157,P-2028,2,1730.78
ORD-50777,2023-02-07,C-1067,P-2023,3,1264.02
ORD-50778,2023-07-22,C-1440,P-2004,2,249.52
ORD-50779,2023-06-04,C-1151,P-2005,1,866.26
ORD-50780,2024-01-10,C-1188,P-2026,3,1169.25
ORD-50781,2023-09-07,C-1244,P-2011,1,211.52
ORD-50782,2023-12-29,C-1015,P-2023,3,1264.02
ORD-50783,2024-02-07,C-1356,P-2008,3,587.13
ORD-50784,2023-10-29,C-1487,P-2006,2,1322.16
ORD-50785,2023-06-07,C-1303,P-2023,2,842.68
ORD-50786,2023-03-07,C-1120,P-2024,1,980.44
ORD-50787,2023-12-26,C-1260,P-2013,3,1331.19
ORD-50788,2023-01-17,C-1147,P-2020,2,1302.46
ORD-50789,2024-02-19,C-1353,P-2008,3,587.13
ORD-50790,2023-10-17,C-1302,P-2030,2,692.96
ORD-50791,2023-03-14,C-1140,P-2024,1,980.44
ORD-50792,2023-05-02,C-1364,P-2011,1,211.52
ORD-50793,2023-11-22,C-1405,P-2027,3,1539.48
ORD-50794,2023-12-10,C-1413,P-2024,2,1960.88
ORD-50795,2023-08-17,C-1144,P-2009,1,626.41
ORD-50796,2023-05-08,C-1304,P-2003,2,642.74
ORD-50797,2023-05-12,C-1047,P-2004,3,374.28
ORD-50798,2023-01-01,C-1233,P-2013,2,887.46
ORD-50799,2024-01-11,C-1425,P-2006,2,1322.16
ORD-50800,2023-09-10,C-1452,P-2012,3,419.1
ORD-50801,2023-07-12,C-1064,P-2027,2,1026.32
ORD-50802,2024-02-08,C-1340,P-2021,3,1510.17
ORD-50803,2023-04-26,C-1367,P-2015,1,801.32
ORD-50804,2024-02-14,C-1247,P-2010,1,629.15
ORD-50805,2023-06-13,C-1118,P-2004,1,124.76
ORD-50806,2023-06-25,C-1449,P-2029,2,1549.9
ORD-50807,2023-03-24,C-1211,P-2003,3,964.11
ORD-50808,2023-02-17,C-1310,P-2020,3,1953.69
ORD-50809,2023-09-05,C-1402,P-2001,2,1630.86
ORD-50810,2023-12-01,C-1388,P-2020,2,1302.46
ORD-50811,2023-03-22,C-1096,P-2004,2,249.52
ORD-50812,2023-04-16,C-1222,P-2014,3,390.63
ORD-50813,2023-10-11,C-1427,P-2030,3,1039.44
ORD-50814,2023-10-04,C-1326,P-2022,2,1027.56
ORD-50815,2023-06-02,C-1092,P-2004,1,124.76
ORD-50816,2023-07-21,C-1414,P-2018,2,464.9
ORD-50817,2023-03-20,C-1096,P-2012,1,139.7
ORD-50818,2023-08-07,C-1339,P-2010,3,1887.45
ORD-50819,2023-11-17,C-1141,P-2016,1,317.64
ORD-50820,2023-02-19,C-1443,P-2007,1,467.36
ORD-50821,2023-11-23,C-1490,P-2003,2,642.74
ORD-50822,2024-03-08,C-1269,P-2010,2,1258.3
ORD-50823,2023-08-30,C-1454,P-2029,3,2324.85
ORD-50824,2023-05-16,C-1496,P-2021,3,1510.17
ORD-50825,2023-07-18,C-1116,P-2012,2,279.4
ORD-50826,2023-07-09,C-1382,P-2015,1,801.32
ORD-50827,2023-05-15,C-1338,P-2015,2,1602.64
ORD-50828,2023-04-26,C-1235,P-2019,1,466.83
ORD-50829,2023-03-19,C-1192,P-2023,3,1264.02
ORD-50830,2023-02-19,C-1197,P-2022,2,1027.56
ORD-50831,2024-02-18,C-1223,P-2014,3,390.63
ORD-50832,2023-04-27,C-1374,P-2002,2,92.66
ORD-50833,2024-02-24,C-1213,P-2014,3,390.63
ORD-50834,2023-12-18,C-1262,P-2019,1,466.83
ORD-50835,2023-09-01,C-1128,P-2003,2,642.74
ORD-50836,2024-03-13,C-1160,P-2002,3,138.99
ORD-50837,2023-10-20,C-1106,P-2026,3,1169.25
ORD-50838,2023-12-13,C-1358,P-2005,1,866.26
ORD-50839,2024-01-23,C-1241,P-2006,1,661.08
ORD-50840,2023-04-19,C-1418,P-2007,1,467.36
ORD-50841,2023-01-22,C-1307,P-2003,3,964.11
ORD-50842,2023-08-11,C-1227,P-2027,3,1539.48
ORD-50843,2023-03-17,C-1494,P-2009,2,1252.82
ORD-50844,2024-01-08,C-1418,P-2003,1,321.37
ORD-50845,2023-07-18,C-1322,P-2013,3,1331.19
ORD-50846,2023-06-16,C-1238,P-2017,2,1113.46
ORD-50847,2024-03-23,C-1371,P-2026,3,1169.25
ORD-50848,2023-11-16,C-1440,P-2017,2,1113.46
ORD-50849,2023-02-27,C-1072,P-2005,1,866.26
ORD-50850,2023-10-18,C-1395,P-2019,1,466.83
ORD-50851,2023-02-24,C-1343,P-2025,1,462.22
ORD-50852,2024-02-07,C-1037,P-2028,3,2596.17
ORD-50853,2024-03-26,C-1117,P-2029,2,1549.9
ORD-50854,2023-05-16,C-1376,P-2021,2,1006.78
ORD-50855,2023-10-20,C-1297,P-2016,1,317.64
ORD-50856,2023-03-30,C-1238,P-2013,1,443.73
ORD-50857,2023-11-13,C-1297,P-2022,3,1541.34
ORD-50858,2023-07-25,C-1170,P-2013,2,887.46
ORD-50859,2023-12-20,C-1092,P-2002,3,138.99
ORD-50860,2023-09-01,C-1235,P-2029,2,1549.9
ORD-50861,2023-01-11,C-1025,P-2027,2,1026.32
ORD-50862,2023-06-09,C-1346,P-2027,2,1026.32
ORD-50863,2024-03-15,C-1446,P-2022,1,513.78
ORD-50864,2024-03-20,C-1125,P-2005,2,1732.52
ORD-50865,2024-01-16,C-1190,P-2025,2,924.44
ORD-50866,2023-05-18,C-1199,P-2014,3,390.63
ORD-50867,2023-11-27,C-1405,P-2007,2,934.72
ORD-50868,2023-04-19,C-1493,P-2014,3,390.63
ORD-50869,2023-09-06,C-1161,P-2017,2,1113.46
ORD-50870,2024-02-25,C-1357,P-2017,1,556.73
ORD-50871,2023-02-03,C-1054,P-2023,3,1264.02
ORD-50872,2023-07-26,C-1400,P-2025,3,1386.66
ORD-50873,2024-03-26,C-1031,P-2001,1,815.43
ORD-50874,2023-04-09,C-1441,P-2027,1,513.16
ORD-50875,2023-05-08,C-1275,P-2015,1,801.32
ORD-50876,2023-07-04,C-1402,P-2007,2,934.72
ORD-50877,2023-07-08,C-1493,P-2015,3,2403.96
ORD-50878,2023-07-23,C-1181,P-2030,1,346.48
ORD-50879,2023-12-15,C-1228,P-2008,2,391.42
ORD-50880,2023-09-08,C-1494,P-2015,1,801.32
ORD-50881,2024-03-21,C-1252,P-2019,3,1400.49
ORD-50882,2023-06-29,C-1117,P-2006,2,1322.16
ORD-50883,2024-01-19,C-1408,P-2003,2,642.74
ORD-50884,2023-01-15,C-1102,P-2002,1,46.33
ORD-50885,2024-03-13,C-1414,P-2025,1,462.22
ORD-50886,2024-03-14,C-1191,P-2021,1,503.39
ORD-50887,2023-12-13,C-1355,P-2009,3,1879.23
ORD-50888,2023-07-29,C-1039,P-2001,3,2446.29
ORD-50889,2023-01-05,C-1252,P-2030,1,346.48
ORD-50890,2023-11-28,C-1316,P-2020,1,651.23
ORD-50891,2023-04-25,C-1123,P-2020,2,1302.46
ORD-50892,2023-12-31,C-1365,P-2021,2,1006.78
ORD-50893,2023-08-05,C-1499,P-2028,2,1730.78
ORD-50894,2023-08-24,C-1123,P-2007,2,934.72
ORD-50895,2023-06-04,C-1286,P-2017,3,1670.19
ORD-50896,2023-07-23,C-1005,P-2004,1,124.76
ORD-50897,2023-09-19,C-1016,P-2027,2,1026.32
ORD-50898,2023-10-15,C-1329,P-2020,3,1953.69
ORD-50899,2023-05-25,C-1217,P-2022,1,513.78
ORD-50900,2023-09-04,C-1119,P-2011,2,423.04
ORD-50901,2023-11-24,C-1334,P-2028,2,1730.78
ORD-50902,2023-05-14,C-1342,P-2023,3,1264.02
ORD-50903,2023-06-02,C-1046,P-2005,3,2598.78
ORD-50904,2024-01-27,C-1089,P-2029,1,774.95
ORD-50905,2024-02-17,C-1215,P-2026,3,1169.25
ORD-50906,2023-07-26,C-1029,P-2011,3,634.56
ORD-50907,2023-03-13,C-1427,P-2001,3,2446.29
ORD-50908,2023-09-12,C-1327,P-2009,2,1252.82
ORD-50909,2023-07-27,C-1308,P-2024,1,980.44
ORD-50910,2023-10-26,C-1314,P-2019,1,466.83
ORD-50911,2023-06-25,C-1207,P-2023,1,421.34
ORD-50912,2023-12-18,C-1351,P-2021,2,1006.78
ORD-50913,2023-12-10,C-1070,P-2017,2,1113.46
ORD-50914,2024-03-08,C-1449,P-2027,3,1539.48
ORD-50915,2024-03-24,C-1165,P-2006,2,1322.16
ORD-50916,2023-02-19,C-1155,P-2005,3,2598.78
ORD-50917,2023-05-13,C-1207,P-2026,3,1169.25
ORD-50918,2024-01-26,C-1147,P-2022,2,1027.56
ORD-50919,2023-12-02,C-1405,P-2008,2,391.42
ORD-50920,2023-04-25,C-1098,P-2028,2,1730.78
ORD-50921,2023-08-04,C-1498,P-2029,2,1549.9
ORD-50922,2023-07-10,C-1118,P-2019,2,933.66
ORD-50923,2023-08-26,C-1475,P-2016,1,317.64
ORD-50924,2024-03-19,C-1006,P-2019,3,1400.49
ORD-50925,2023-11-14,C-1022,P-2016,1,317.64
ORD-50926,2023-09-14,C-1007,P-2028,3,2596.17
ORD-50927,2023-07-15,C-1261,P-2010,2,1258.3
ORD-50928,2023-01-28,C-1168,P-2005,1,866.26
ORD-50929,2023-06-25,C-1058,P-2019,2,933.66
ORD-50930,2023-03-15,C-1373,P-2028,3,2596.17
ORD-50931,2023-04-03,C-1204,P-2003,2,642.74
ORD-50932,2023-06-20,C-1205,P-2006,2,1322.16
ORD-50933,2023-11-21,C-1122,P-2001,2,1630.86
ORD-50934,2023-05-21,C-1014,P-2025,1,462.22
ORD-50935,2023-10-23,C-1105,P-2006,2,1322.16
ORD-50936,2024-02-07,C-1043,P-2025,1,462.22
ORD-50937,2023-03-08,C-1201,P-2014,3,390.63
ORD-50938,2023-08-08,C-1246,P-2014,2,260.42
ORD-50939,2023-07-16,C-1136,P-2002,3,138.99
ORD-50940,2023-04-13,C-1211,P-2012,1,139.7
ORD-50941,2023-06-14,C-1057,P-2027,3,1539.48
ORD-50942,2023-04-08,C-1300,P-2022,1,513.78
ORD-50943,2023-11-17,C-1303,P-2008,1,195.71
ORD-50944,2023-12-22,C-1117,P-2010,1,629.15
ORD-50945,2023-02-22,C-1376,P-2017,3,1670.19
ORD-50946,2023-06-06,C-1249,P-2003,1,321.37
ORD-50947,2023-06-02,C-1481,P-2015,3,2403.96
ORD-50948,2023-09-24,C-1052,P-2017,2,1113.46
ORD-50949,2023-08-11,C-1451,P-2005,2,1732.52
ORD-50950,2023-09-08,C-1070,P-2025,1,462.22
ORD-50951,2023-03-26,C-1399,P-2013,1,443.73
ORD-50952,2023-04-27,C-1220,P-2024,1,980.44
ORD-50953,2023-04-19,C-1303,P-2001,3,2446.29
ORD-50954,2023-09-16,C-1277,P-2004,2,249.52
ORD-50955,2023-12-31,C-1301,P-2026,1,389.75
ORD-50956,2023-07-12,C-1413,P-2009,3,1879.23
ORD-50957,2023-11-16,C-1233,P-2020,1,651.23
ORD-50958,2023-12-05,C-1051,P-2021,1,503.39
ORD-50959,2023-01-25,C-1281,P-2004,2,249.52
ORD-50960,2023-08-16,C-1167,P-2004,3,374.28
ORD-50961,2023-05-10,C-1252,P-2023,1,421.34
ORD-50962,2023-04-16,C-1470,P-2022,3,1541.34
ORD-50963,2023-01-05,C-1439,P-2014,3,390.63
ORD-50964,2023-02-21,C-1016,P-2017,2,1113.46
ORD-50965,2023-11-15,C-1224,P-2023,1,421.34
ORD-50966,2023-08-03,C-1302,P-2017,3,1670.19
ORD-50967,2023-11-13,C-1475,P-2010,1,629.15
ORD-50968,2024-02-06,C-1169,P-2016,1,317.64
ORD-50969,2023-11-08,C-1441,P-2025,2,924.44
ORD-50970,2024-03-01,C-1213,P-2007,2,934.72
ORD-50971,2023-12-27,C-1058,P-2010,1,629.15
ORD-50972,2023-01-21,C-1378,P-2016,1,317.64
ORD-50973,2023-12-19,C-1396,P-2011,1,211.52
ORD-50974,2023-01-02,C-1371,P-2022,1,513.78
ORD-50975,2023-02-26,C-1260,P-2022,2,1027.56
ORD-50976,2023-03-18,C-1496,P-2025,3,1386.66
ORD-50977,2023-02-08,C-1075,P-2024,1,980.44
ORD-50978,2023-05-12,C-1328,P-2008,2,391.42
ORD-50979,2023-06-01,C-1326,P-2015,1,801.32
ORD-50980,2023-02-21,C-1129,P-2006,1,661.08
ORD-50981,2024-03-12,C-1481,P-2012,3,419.1
ORD-50982,2023-06-10,C-1466,P-2024,1,980.44
ORD-50983,2023-02-18,C-1161,P-2029,1,774.95
ORD-50984,2023-01-05,C-1135,P-2022,3,1541.34
ORD-50985,2023-03-29,C-1202,P-2012,2,279.4
ORD-50986,2023-11-15,C-1235,P-2029,3,2324.85
ORD-50987,2023-02-17,C-1186,P-2027,2,1026.32
ORD-50988,2023-04-04,C-1444,P-2013,2,887.46
ORD-50989,2023-08-22,C-1341,P-2027,2,1026.32
ORD-50990,2023-12-20,C-1315,P-2026,2,779.5
ORD-50991,2023-11-29,C-1010,P-2006,1,661.08
ORD-50992,2023-03-09,C-1446,P-2024,1,980.44
ORD-50993,2024-03-08,C-1462,P-2004,2,249.52
ORD-50994,2023-10-30,C-1137,P-2026,3,1169.25
ORD-50995,2023-12-14,C-1134,P-2006,3,1983.24
ORD-50996,2023-07-14,C-1204,P-2012,3,419.1
ORD-50997,2023-01-15,C-1133,P-2029,3,2324.85
ORD-50998,2023-03-08,C-1137,P-2030,2,692.96
ORD-50999,2023-02-27,C-1239,P-2015,1,801.32
ORD-51000,2023-02-02,C-1118,P-2021,2,1006.78
ORD-51001,2023-01-07,C-1402,P-2028,3,2596.17
ORD-51002,2023-09-26,C-1290,P-2024,3,2941.32
ORD-51003,2024-01-06,C-1411,P-2008,3,587.13
ORD-51004,2024-03-23,C-1310,P-2017,3,1670.19
ORD-51005,2023-12-19,C-1264,P-2020,1,651.23
ORD-51006,2023-08-10,C-1029,P-2024,1,980.44
ORD-51007,2023-09-04,C-1364,P-2022,3,1541.34
ORD-51008,2023-11-25,C-1102,P-2005,3,2598.78
ORD-51009,2023-11-10,C-1096,P-2001,3,2446.29
ORD-51010,2023-03-22,C-1107,P-2028,2,1730.78
ORD-51011,2024-03-12,C-1243,P-2028,1,865.39
ORD-51012,2023-02-08,C-1127,P-2016,2,635.28
ORD-51013,2023-05-04,C-1140,P-2009,1,626.41
ORD-51014,2023-09-17,C-1220,P-2018,3,697.35
ORD-51015,2023-07-13,C-1246,P-2027,1,513.16
ORD-51016,2023-02-10,C-1344,P-2015,3,2403.96
ORD-51017,2023-08-18,C-1405,P-2028,2,1730.78
ORD-51018,2023-08-17,C-1373,P-2004,2,249.52
ORD-51019,2024-01-17,C-1013,P-2001,1,815.43
ORD-51020,2023-07-26,C-1486,P-2002,3,138.99
ORD-51021,2023-10-09,C-1403,P-2027,1,513.16
ORD-51022,2024-02-10,C-1431,P-2020,3,1953.69
ORD-51023,2023-06-05,C-1245,P-2018,1,232.45
ORD-51024,2023-12-02,C-1434,P-2015,2,1602.64
ORD-51025,2023-07-06,C-1045,P-2002,1,46.33
ORD-51026,2024-03-08,C-1113,P-2011,3,634.56
ORD-51027,2024-01-28,C-1358,P-2020,2,1302.46
ORD-51028,2024-01-02,C-1270,P-2012,3,419.1
ORD-51029,2023-08-20,C-1444,P-2004,3,374.28
ORD-51030,2023-04-24,C-1259,P-2011,2,423.04
ORD-51031,2024-02-29,C-1006,P-2026,2,779.5
ORD-51032,2023-10-08,C-1213,P-2012,3,419.1
ORD-51033,2023-02-24,C-1193,P-2029,1,774.95
ORD-51034,2023-09-10,C-1173,P-2027,3,1539.48
ORD-51035,2024-01-16,C-1427,P-2014,1,130.21
ORD-51036,2023-05-11,C-1295,P-2007,1,467.36
ORD-51037,2023-03-03,C-1404,P-2007,2,934.72
ORD-51038,2024-02-27,C-1198,P-2007,3,1402.08
ORD-51039,2023-06-23,C-1051,P-2025,2,924.44
ORD-51040,2023-01-24,C-1006,P-2027,3,1539.48
ORD-51041,2023-10-29,C-1073,P-2025,2,924.44
ORD-51042,2023-08-23,C-1483,P-2019,3,1400.49
ORD-51043,2023-03-10,C-1178,P-2001,3,2446.29
ORD-51044,2024-01-12,C-1233,P-2018,2,464.9
ORD-51045,2024-03-05,C-1005,P-2016,3,952.92
ORD-51046,2024-02-04,C-1120,P-2023,3,1264.02
ORD-51047,2023-03-30,C-1211,P-2027,1,513.16
ORD-51048,2023-02-23,C-1308,P-2022,3,1541.34
ORD-51049,2023-11-07,C-1294,P-2017,2,1113.46
ORD-51050,2023-08-03,C-1297,P-2030,3,1039.44
ORD-51051,2024-01-26,C-1317,P-2009,2,1252.82
ORD-51052,2023-06-25,C-1393,P-2015,1,801.32
ORD-51053,2023-03-12,C-1486,P-2020,3,1953.69
ORD-51054,2024-01-19,C-1039,P-2010,3,1887.45
ORD-51055,2023-10-08,C-1121,P-2023,3,1264.02
ORD-51056,2023-10-11,C-1205,P-2007,1,467.36
ORD-51057,2023-04-18,C-1293,P-2023,2,842.68
ORD-51058,2023-12-18,C-1117,P-2030,3,1039.44
ORD-51059,2023-03-09,C-1365,P-2021,1,503.39
ORD-51060,2023-09-15,C-1223,P-2023,3,1264.02
ORD-51061,2023-06-15,C-1365,P-2004,2,249.52
ORD-51062,2023-10-15,C-1060,P-2019,3,1400.49
ORD-51063,2023-12-08,C-1365,P-2014,3,390.63
ORD-51064,2024-01-18,C-1351,P-2010,2,1258.3
ORD-51065,2024-02-18,C-1371,P-2017,1,556.73
ORD-51066,2023-01-13,C-1212,P-2005,1,866.26
ORD-51067,2023-12-10,C-1357,P-2007,2,934.72
ORD-51068,2024-01-20,C-1047,P-2006,2,1322.16
ORD-51069,2023-12-16,C-1379,P-2005,1,866.26
ORD-51070,2023-12-20,C-1149,P-2010,1,629.15
ORD-51071,2024-01-21,C-1223,P-2002,2,92.66
ORD-51072,2024-02-21,C-1305,P-2004,3,374.28
ORD-51073,2024-03-20,C-1027,P-2024,3,2941.32
ORD-51074,2024-03-18,C-1220,P-2024,3,2941.32
ORD-51075,2023-10-15,C-1276,P-2008,3,587.13
ORD-51076,2024-02-06,C-1480,P-2026,3,1169.25
ORD-51077,2023-05-28,C-1304,P-2022,1,513.78
ORD-51078,2023-07-15,C-1308,P-2014,3,390.63
ORD-51079,2023-06-10,C-1175,P-2002,1,46.33
ORD-51080,2024-01-16,C-1379,P-2007,3,1402.08
ORD-51081,2024-03-20,C-1143,P-2028,2,1730.78
ORD-51082,2024-02-29,C-1074,P-2030,3,1039.44
ORD-51083,2023-12-27,C-1365,P-2021,2,1006.78
ORD-51084,2024-01-22,C-1395,P-2018,3,697.35
ORD-51085,2023-11-05,C-1324,P-2025,3,1386.66
ORD-51086,2023-04-10,C-1393,P-2015,1,801.32
ORD-51087,2023-12-16,C-1381,P-2006,1,661.08
ORD-51088,2024-01-12,C-1352,P-2004,2,249.52
ORD-51089,2023-01-21,C-1429,P-2009,3,1879.23
ORD-51090,2023-05-16,C-1079,P-2006,3,1983.24
ORD-51091,2024-03-09,C-1254,P-2001,2,1630.86
ORD-51092,2023-08-27,C-1365,P-2030,1,346.48
ORD-51093,2023-01-21,C-1345,P-2030,2,692.96
ORD-51094,2023-11-02,C-1445,P-2025,3,1386.66
ORD-51095,2023-11-12,C-1029,P-2010,2,1258.3
ORD-51096,2024-02-09,C-1260,P-2018,2,464.9
ORD-51097,2023-02-07,C-1149,P-2023,2,842.68
ORD-51098,2023-09-27,C-1183,P-2006,3,1983.24
ORD-51099,2023-02-04,C-1047,P-2017,1,556.73
ORD-51100,2023-08-01,C-1325,P-2018,2,464.9
ORD-51101,2023-02-17,C-1180,P-2008,1,195.71
ORD-51102,2023-12-06,C-1140,P-2011,2,423.04
ORD-51103,2023-05-31,C-1150,P-2025,3,1386.66
ORD-51104,2023-09-29,C-1262,P-2018,3,697.35
ORD-51105,2023-01-05,C-1444,P-2022,2,1027.56
ORD-51106,2023-08-17,C-1089,P-2029,3,2324.85
ORD-51107,2023-11-11,C-1033,P-2008,1,195.71
ORD-51108,2023-12-16,C-1294,P-2013,1,443.73
ORD-51109,2023-07-17,C-1298,P-2018,3,697.35
ORD-51110,2023-05-25,C-1250,P-2030,3,1039.44
ORD-51111,2024-02-25,C-1386,P-2012,3,419.1
ORD-51112,2024-02-16,C-1245,P-2015,2,1602.64
ORD-51113,2023-01-23,C-1327,P-2029,3,2324.85
ORD-51114,2023-04-09,C-1294,P-2017,1,556.73
ORD-51115,2023-02-19,C-1249,P-2025,3,1386.66
ORD-51116,2023-10-01,C-1420,P-2021,1,503.39
ORD-51117,2023-04-18,C-1434,P-2021,1,503.39
ORD-51118,2024-03-18,C-1133,P-2014,1,130.21
ORD-51119,2023-04-16,C-1272,P-2027,3,1539.48
ORD-51120,2024-03-25,C-1159,P-2025,2,924.44
ORD-51121,2023-11-28,C-1497,P-2003,3,964.11
ORD-51122,2023-12-18,C-1345,P-2001,2,1630.86
ORD-51123,2024-01-03,C-1140,P-2002,1,46.33
ORD-51124,2023-02-07,C-1096,P-2006,2,1322.16
ORD-51125,2023-10-13,C-1022,P-2019,1,466.83
ORD-51126,2023-05-13,C-1491,P-2013,2,887.46
ORD-51127,2023-11-19,C-1306,P-2014,2,260.42
ORD-51128,2023-01-09,C-1276,P-2022,1,513.78
ORD-51129,2023-10-01,C-1420,P-2021,3,1510.17
ORD-51130,2023-11-13,C-1119,P-2025,3,1386.66
ORD-51131,2023-10-27,C-1193,P-2023,1,421.34
ORD-51132,2023-07-03,C-1138,P-2004,2,249.52
ORD-51133,2024-02-07,C-1451,P-2010,3,1887.45
ORD-51134,2023-02-14,C-1279,P-2025,2,924.44
ORD-51135,2023-07-15,C-1256,P-2027,3,1539.48
ORD-51136,2023-01-16,C-1252,P-2006,3,1983.24
ORD-51137,2023-04-23,C-1400,P-2024,2,1960.88
ORD-51138,2024-02-12,C-1010,P-2028,3,2596.17
ORD-51139,2023-06-01,C-1006,P-2005,2,1732.52
ORD-51140,2023-12-13,C-1480,P-2028,3,2596.17
ORD-51141,2023-11-28,C-1067,P-2001,3,2446.29
ORD-51142,2024-03-23,C-1322,P-2005,1,866.26
ORD-51143,2023-01-22,C-1136,P-2019,3,1400.49
ORD-51144,2023-07-21,C-1272,P-2018,1,232.45
ORD-51145,2023-06-06,C-1014,P-2024,3,2941.32
ORD-51146,2024-01-07,C-1117,P-2007,2,934.72
ORD-51147,2023-11-27,C-1039,P-2005,1,866.26
ORD-51148,2023-04-05,C-1191,P-2020,2,1302.46
ORD-51149,2023-04-10,C-1444,P-2006,3,1983.24
ORD-51150,2024-02-14,C-1048,P-2028,1,865.39
ORD-51151,2024-03-11,C-1127,P-2030,3,1039.44
ORD-51152,2023-08-25,C-1082,P-2018,1,232.45
ORD-51153,2023-05-29,C-1434,P-2003,2,642.74
ORD-51154,2023-02-20,C-1360,P-2024,3,2941.32
ORD-51155,2023-09-07,C-1140,P-2012,1,139.7
ORD-51156,2023-12-10,C-1342,P-2008,1,195.71
ORD-51157,2023-05-26,C-1358,P-2003,1,321.37
ORD-51158,2023-06-12,C-1034,P-2015,2,1602.64
ORD-51159,2023-11-12,C-1483,P-2010,3,1887.45
ORD-51160,2023-10-27,C-1345,P-2019,3,1400.49
ORD-51161,2023-07-06,C-1418,P-2011,2,423.04
ORD-51162,2023-03-28,C-1136,P-2011,1,211.52
ORD-51163,2024-02-07,C-1191,P-2023,3,1264.02
ORD-51164,2023-11-25,C-1188,P-2009,2,1252.82
ORD-51165,2023-03-10,C-1318,P-2024,2,1960.88
ORD-51166,2024-03-25,C-1060,P-2015,2,1602.64
ORD-51167,2023-07-03,C-1126,P-2010,2,1258.3
ORD-51168,2023-10-10,C-1051,P-2006,3,1983.24
ORD-51169,2023-11-07,C-1415,P-2027,2,1026.32
ORD-51170,2024-03-15,C-1330,P-2005,3,2598.78
ORD-51171,2023-04-11,C-1236,P-2024,3,2941.32
ORD-51172,2023-02-09,C-1110,P-2003,1,321.37
ORD-51173,2024-03-10,C-1458,P-2021,1,503.39
ORD-51174,2024-02-21,C-1163,P-2019,2,933.66
ORD-51175,2024-01-29,C-1062,P-2007,1,467.36
ORD-51176,2023-10-10,C-1118,P-2018,3,697.35
ORD-51177,2023-08-30,C-1013,P-2025,1,462.22
ORD-51178,2023-07-07,C-1187,P-2008,3,587.13
ORD-51179,2024-01-11,C-1481,P-2005,2,1732.52
ORD-51180,2023-09-14,C-1309,P-2003,2,642.74
ORD-51181,2023-07-06,C-1138,P-2001,3,2446.29
ORD-51182,2023-05-03,C-1459,P-2020,3,1953.69
ORD-51183,2023-03-26,C-1057,P-2017,1,556.73
ORD-51184,2023-08-17,C-1462,P-2006,3,1983.24
ORD-51185,2023-10-17,C-1483,P-2028,1,865.39
ORD-51186,2024-01-12,C-1211,P-2016,2,635.28
ORD-51187,2023-01-21,C-1183,P-2025,2,924.44
ORD-51188,2023-04-29,C-1119,P-2009,2,1252.82
ORD-51189,2023-04-30,C-1390,P-2022,1,513.78
ORD-51190,2023-09-23,C-1398,P-2012,2,279.4
ORD-51191,2023-08-29,C-1113,P-2029,1,774.95
ORD-51192,2023-01-21,C-1244,P-2011,1,211.52
ORD-51193,2023-12-27,C-1348,P-2021,2,1006.78
ORD-51194,2024-03-03,C-1159,P-2009,3,1879.23
ORD-51195,2023-10-06,C-1031,P-2006,2,1322.16
ORD-51196,2023-12-01,C-1452,P-2012,3,419.1
ORD-51197,2023-12-01,C-1242,P-2017,2,1113.46
ORD-51198,2023-07-12,C-1220,P-2017,2,1113.46
ORD-51199,2023-06-30,C-1497,P-2028,2,1730.78
ORD-51200,2023-09-07,C-1398,P-2016,3,952.92
ORD-51201,2023-01-04,C-1460,P-2029,1,774.95
ORD-51202,2023-08-14,C-1388,P-2008,1,195.71
ORD-51203,2023-09-21,C-1328,P-2009,1,626.41
ORD-51204,2023-03-18,C-1382,P-2006,2,1322.16
ORD-51205,2023-11-05,C-1336,P-2027,1,513.16
ORD-51206,2023-12-05,C-1271,P-2014,2,260.42
ORD-51207,2024-01-04,C-1444,P-2016,3,952.92
ORD-51208,2023-09-03,C-1060,P-2007,3,1402.08
ORD-51209,2023-03-24,C-1329,P-2027,2,1026.32
ORD-51210,2023-01-12,C-1040,P-2002,1,46.33
ORD-51211,2023-10-21,C-1266,P-2006,1,661.08
ORD-51212,2023-11-19,C-1039,P-2002,3,138.99
ORD-51213,2023-03-17,C-1357,P-2006,2,1322.16
ORD-51214,2023-04-03,C-1106,P-2013,3,1331.19
ORD-51215,2023-10-16,C-1003,P-2001,3,2446.29
ORD-51216,2024-01-08,C-1029,P-2027,2,1026.32
ORD-51217,2023-02-13,C-1028,P-2015,3,2403.96
ORD-51218,2023-08-30,C-1396,P-2006,1,661.08
ORD-51219,2024-03-01,C-1239,P-2020,1,651.23
ORD-51220,2024-02-11,C-1492,P-2027,1,513.16
ORD-51221,2023-11-16,C-1483,P-2017,2,1113.46
ORD-51222,2023-03-27,C-1075,P-2022,2,1027.56
ORD-51223,2023-08-21,C-1052,P-2019,1,466.83
ORD-51224,2023-04-28,C-1452,P-2013,1,443.73
ORD-51225,2023-02-25,C-1428,P-2007,3,1402.08
ORD-51226,2024-03-16,C-1107,P-2022,2,1027.56
ORD-51227,2024-02-28,C-1041,P-2020,1,651.23
ORD-51228,2023-04-01,C-1262,P-2029,3,2324.85
ORD-51229,2023-11-04,C-1170,P-2029,3,2324.85
ORD-51230,2023-09-15,C-1192,P-2004,1,124.76
ORD-51231,2023-09-04,C-1483,P-2005,3,2598.78
ORD-51232,2023-10-04,C-1330,P-2001,3,2446.29
ORD-51233,2023-11-29,C-1274,P-2017,2,1113.46
ORD-51234,2023-07-09,C-1278,P-2023,3,1264.02
ORD-51235,2023-08-08,C-1271,P-2026,2,779.5
ORD-51236,2024-02-09,C-1465,P-2013,2,887.46
ORD-51237,2023-10-29,C-1103,P-2024,3,2941.32
ORD-51238,2023-10-22,C-1018,P-2014,1,130.21
ORD-51239,2023-05-11,C-1315,P-2025,1,462.22
ORD-51240,2024-03-15,C-1195,P-2010,3,1887.45
ORD-51241,2024-03-24,C-1325,P-2014,2,260.42
ORD-51242,2023-04-07,C-1136,P-2023,3,1264.02
ORD-51243,2024-02-09,C-1420,P-2019,3,1400.49
ORD-51244,2023-03-02,C-1348,P-2001,2,1630.86
ORD-51245,2023-12-02,C-1355,P-2023,2,842.68
ORD-51246,2023-07-29,C-1020,P-2004,1,124.76
ORD-51247,2023-08-07,C-1301,P-2019,2,933.66
ORD-51248,2023-05-14,C-1248,P-2014,3,390.63
ORD-51249,2023-07-07,C-1353,P-2009,3,1879.23
ORD-51250,2023-07-23,C-1189,P-2007,2,934.72
ORD-51251,2023-10-10,C-1149,P-2018,2,464.9
ORD-51252,2023-04-02,C-1489,P-2018,3,697.35
ORD-51253,2023-09-05,C-1123,P-2010,3,1887.45
ORD-51254,2023-06-26,C-1126,P-2023,2,842.68
ORD-51255,2024-01-12,C-1135,P-2028,3,2596.17
ORD-51256,2023-03-02,C-1132,P-2008,2,391.42
ORD-51257,2024-02-05,C-1264,P-2006,1,661.08
ORD-51258,2023-04-20,C-1245,P-2013,2,887.46
ORD-51259,2024-02-15,C-1421,P-2020,3,1953.69
ORD-51260,2023-12-17,C-1412,P-2002,1,46.33
ORD-51261,2023-07-19,C-1181,P-2001,1,815.43
ORD-51262,2024-02-26,C-1203,P-2016,3,952.92
ORD-51263,2023-08-11,C-1405,P-2003,2,642.74
ORD-51264,2023-04-24,C-1489,P-2003,3,964.11
ORD-51265,2023-01-20,C-1075,P-2013,2,887.46
ORD-51266,2023-11-11,C-1342,P-2017,2,1113.46
ORD-51267,2023-12-31,C-1052,P-2002,1,46.33
ORD-51268,2023-11-24,C-1243,P-2015,1,801.32
ORD-51269,2023-04-14,C-1270,P-2030,3,1039.44
ORD-51270,2023-05-27,C-1389,P-2002,3,138.99
ORD-51271,2023-09-19,C-1106,P-2023,1,421.34
ORD-51272,2023-11-11,C-1277,P-2022,1,513.78
ORD-51273,2023-07-04,C-1087,P-2021,1,503.39
ORD-51274,2023-03-22,C-1339,P-2009,2,1252.82
ORD-51275,2023-06-30,C-1219,P-2013,2,887.46
ORD-51276,2023-10-28,C-1441,P-2017,1,556.73
ORD-51277,2024-01-13,C-1402,P-2003,1,321.37
ORD-51278,2023-10-09,C-1080,P-2024,3,2941.32
ORD-51279,2023-10-26,C-1180,P-2012,2,279.4
ORD-51280,2023-04-26,C-1224,P-2007,2,934.72
ORD-51281,2023-07-26,C-1473,P-2001,2,1630.86
ORD-51282,2023-03-31,C-1491,P-2017,1,556.73
ORD-51283,2023-10-14,C-1162,P-2017,2,1113.46
ORD-51284,2023-06-24,C-1269,P-2026,3,1169.25
ORD-51285,2023-05-12,C-1272,P-2027,3,1539.48
ORD-51286,2023-05-09,C-1470,P-2015,2,1602.64
ORD-51287,2023-10-16,C-1137,P-2025,1,462.22
ORD-51288,2024-01-23,C-1310,P-2025,2,924.44
ORD-51289,2023-12-15,C-1344,P-2029,3,2324.85
ORD-51290,2024-03-17,C-1076,P-2016,1,317.64
ORD-51291,2023-05-13,C-1397,P-2013,3,1331.19
ORD-51292,2024-02-08,C-1183,P-2022,3,1541.34
ORD-51293,2023-04-28,C-1185,P-2011,2,423.04
ORD-51294,2023-06-30,C-1106,P-2018,1,232.45
ORD-51295,2023-12-25,C-1236,P-2008,2,391.42
ORD-51296,2023-02-17,C-1084,P-2022,3,1541.34
ORD-51297,2024-02-25,C-1146,P-2003,3,964.11
ORD-51298,2023-04-02,C-1262,P-2011,2,423.04
ORD-51299,2023-04-22,C-1260,P-2009,1,626.41
ORD-51300,2024-01-18,C-1424,P-2030,1,346.48
ORD-51301,2023-09-13,C-1142,P-2007,1,467.36
ORD-51302,2024-01-12,C-1089,P-2028,2,1730.78
ORD-51303,2023-04-16,C-1271,P-2007,1,467.36
ORD-51304,2024-03-04,C-1461,P-2012,1,139.7
ORD-51305,2024-02-03,C-1169,P-2004,1,124.76
ORD-51306,2023-12-13,C-1016,P-2016,3,952.92
ORD-51307,2023-01-04,C-1105,P-2028,3,2596.17
ORD-51308,2023-01-22,C-1396,P-2012,3,419.1
ORD-51309,2023-06-11,C-1171,P-2029,3,2324.85
ORD-51310,2024-03-20,C-1004,P-2016,1,317.64
ORD-51311,2024-01-27,C-1309,P-2009,2,1252.82
ORD-51312,2023-04-24,C-1127,P-2019,1,466.83
ORD-51313,2023-01-28,C-1157,P-2026,2,779.5
ORD-51314,2023-09-02,C-1267,P-2002,3,138.99
ORD-51315,2023-06-27,C-1404,P-2028,3,2596.17
ORD-51316,2024-02-02,C-1035,P-2015,1,801.32
ORD-51317,2023-12-24,C-1268,P-2015,2,1602.64
ORD-51318,2023-12-19,C-1001,P-2001,3,2446.29
ORD-51319,2023-04-18,C-1167,P-2019,1,466.83
ORD-51320,2023-06-16,C-1020,P-2020,2,1302.46
ORD-51321,2023-04-06,C-1378,P-2009,1,626.41
ORD-51322,2023-05-18,C-1155,P-2020,2,1302.46
ORD-51323,2023-07-07,C-1116,P-2016,2,635.28
ORD-51324,2023-04-18,C-1425,P-2023,2,842.68
ORD-51325,2023-07-06,C-1131,P-2009,2,1252.82
ORD-51326,2023-04-03,C-1414,P-2005,3,2598.78
ORD-51327,2023-12-18,C-1271,P-2027,1,513.16
ORD-51328,2024-01-05,C-1363,P-2026,1,389.75
ORD-51329,2023-10-12,C-1063,P-2028,2,1730.78
ORD-51330,2023-04-11,C-1203,P-2026,3,1169.25
ORD-51331,2023-03-18,C-1252,P-2026,1,389.75
ORD-51332,2023-04-01,C-1299,P-2016,1,317.64
ORD-51333,2024-03-10,C-1430,P-2017,3,1670.19
ORD-51334,2024-01-04,C-1373,P-2026,2,779.5
ORD-51335,2023-06-03,C-1379,P-2018,3,697.35
ORD-51336,2023-01-25,C-1139,P-2004,3,374.28
ORD-51337,2023-03-25,C-1292,P-2007,2,934.72
ORD-51338,2023-09-01,C-1430,P-2004,2,249.52
ORD-51339,2024-01-17,C-1380,P-2009,2,1252.82
ORD-51340,2023-07-04,C-1091,P-2018,2,464.9
ORD-51341,2023-06-26,C-1296,P-2014,1,130.21
ORD-51342,2023-06-29,C-1318,P-2020,1,651.23
ORD-51343,2023-10-23,C-1473,P-2021,3,1510.17
ORD-51344,2023-10-03,C-1035,P-2025,2,924.44
ORD-51345,2023-07-01,C-1334,P-2022,3,1541.34
ORD-51346,2023-09-07,C-1126,P-2024,2,1960.88
ORD-51347,2023-02-10,C-1212,P-2020,2,1302.46
ORD-51348,2023-08-26,C-1205,P-2005,1,866.26
ORD-51349,2023-11-24,C-1418,P-2030,2,692.96
ORD-51350,2023-08-04,C-1205,P-2020,3,1953.69
ORD-51351,2023-07-27,C-1022,P-2003,1,321.37
ORD-51352,2023-06-25,C-1125,P-2011,2,423.04
ORD-51353,2023-12-01,C-1490,P-2023,2,842.68
ORD-51354,2023-11-06,C-1082,P-2013,2,887.46
ORD-51355,2023-08-16,C-1143,P-2028,2,1730.78
ORD-51356,2024-01-18,C-1440,P-2017,2,1113.46
ORD-51357,2023-07-31,C-1249,P-2006,1,661.08
ORD-51358,2023-03-06,C-1110,P-2008,3,587.13
ORD-51359,2023-05-09,C-1417,P-2023,3,1264.02
ORD-51360,2023-02-10,C-1014,P-2006,2,1322.16
ORD-51361,2023-02-22,C-1077,P-2003,2,642.74
ORD-51362,2023-10-08,C-1096,P-2001,2,1630.86
ORD-51363,2023-09-26,C-1105,P-2003,1,321.37
ORD-51364,2023-05-15,C-1461,P-2005,1,866.26
ORD-51365,2023-12-02,C-1276,P-2010,1,629.15
ORD-51366,2023-05-07,C-1142,P-2010,2,1258.3
ORD-51367,2023-11-17,C-1209,P-2005,3,2598.78
ORD-51368,2024-03-05,C-1449,P-2001,1,815.43
ORD-51369,2023-12-06,C-1356,P-2028,2,1730.78
ORD-51370,2024-03-18,C-1262,P-2015,3,2403.96
ORD-51371,2023-05-20,C-1378,P-2015,1,801.32
ORD-51372,2023-12-24,C-1267,P-2006,3,1983.24
ORD-51373,2023-11-02,C-1032,P-2021,3,1510.17
ORD-51374,2023-11-22,C-1343,P-2014,3,390.63
ORD-51375,2023-11-24,C-1413,P-2018,2,464.9
ORD-51376,2023-06-27,C-1396,P-2018,1,232.45
ORD-51377,2024-02-17,C-1405,P-2015,2,1602.64
ORD-51378,2023-07-07,C-1486,P-2009,1,626.41
ORD-51379,2023-06-05,C-1144,P-2001,3,2446.29
ORD-51380,2024-02-22,C-1161,P-2028,1,865.39
ORD-51381,2023-06-26,C-1037,P-2016,3,952.92
ORD-51382,2023-01-05,C-1408,P-2030,2,692.96
ORD-51383,2024-01-22,C-1315,P-2010,1,629.15
ORD-51384,2024-01-28,C-1274,P-2026,2,779.5
ORD-51385,2023-11-02,C-1464,P-2026,1,389.75
ORD-51386,2023-10-08,C-1067,P-2007,2,934.72
ORD-51387,2023-10-15,C-1188,P-2013,1,443.73
ORD-51388,2023-03-25,C-1285,P-2024,3,2941.32
ORD-51389,2023-07-19,C-1347,P-2013,1,443.73
ORD-51390,2023-05-15,C-1361,P-2014,3,390.63
ORD-51391,2023-05-03,C-1106,P-2025,3,1386.66
ORD-51392,2024-02-18,C-1470,P-2022,2,1027.56
ORD-51393,2023-05-26,C-1244,P-2024,3,2941.32
ORD-51394,2024-02-19,C-1235,P-2014,1,130.21
ORD-51395,2024-03-12,C-1210,P-2006,1,661.08
ORD-51396,2023-05-29,C-1432,P-2021,2,1006.78
ORD-51397,2023-11-13,C-1305,P-2009,3,1879.23
ORD-51398,2023-11-15,C-1094,P-2007,2,934.72
ORD-51399,2023-01-10,C-1168,P-2002,3,138.99
ORD-51400,2023-01-12,C-1382,P-2004,2,249.52
ORD-51401,2023-05-18,C-1209,P-2023,2,842.68
ORD-51402,2024-01-08,C-1001,P-2008,1,195.71
ORD-51403,2023-03-19,C-1152,P-2016,1,317.64
ORD-51404,2023-06-25,C-1299,P-2010,2,1258.3
ORD-51405,2023-07-10,C-1059,P-2023,1,421.34
ORD-51406,2023-06-19,C-1415,P-2027,1,513.16
ORD-51407,2023-01-29,C-1130,P-2025,2,924.44
ORD-51408,2023-02-06,C-1325,P-2016,1,317.64
ORD-51409,2023-04-09,C-1379,P-2027,2,1026.32
ORD-51410,2024-02-29,C-1371,P-2004,3,374.28
ORD-51411,2023-05-08,C-1102,P-2025,2,924.44
ORD-51412,2023-05-07,C-1142,P-2002,1,46.33
ORD-51413,2023-08-24,C-1392,P-2025,1,462.22
ORD-51414,2023-09-24,C-1455,P-2007,2,934.72
ORD-51415,2023-07-19,C-1056,P-2010,2,1258.3
ORD-51416,2023-03-23,C-1430,P-2024,1,980.44
ORD-51417,2024-01-17,C-1421,P-2017,1,556.73
ORD-51418,2023-05-10,C-1396,P-2021,2,1006.78
ORD-51419,2023-04-12,C-1049,P-2029,1,774.95
ORD-51420,2024-03-18,C-1114,P-2007,1,467.36
ORD-51421,2023-05-01,C-1006,P-2014,2,260.42
ORD-51422,2023-01-08,C-1249,P-2026,2,779.5
ORD-51423,2023-10-27,C-1007,P-2013,1,443.73
ORD-51424,2023-01-05,C-1390,P-2019,3,1400.49
ORD-51425,2023-09-01,C-1408,P-2020,1,651.23
ORD-51426,2023-07-10,C-1386,P-2003,1,321.37
ORD-51427,2023-03-22,C-1178,P-2003,3,964.11
ORD-51428,2023-11-13,C-1310,P-2030,3,1039.44
ORD-51429,2023-01-31,C-1292,P-2012,3,419.1
ORD-51430,2023-03-20,C-1231,P-2018,1,232.45
ORD-51431,2023-03-06,C-1099,P-2008,2,391.42
ORD-51432,2023-10-13,C-1498,P-2021,2,1006.78
ORD-51433,2024-02-17,C-1134,P-2024,1,980.44
ORD-51434,2023-01-11,C-1408,P-2013,2,887.46
ORD-51435,2024-01-06,C-1240,P-2009,1,626.41
ORD-51436,2023-09-06,C-1412,P-2015,3,2403.96
ORD-51437,2023-05-31,C-1223,P-2023,2,842.68
ORD-51438,2023-04-08,C-1048,P-2006,3,1983.24
ORD-51439,2023-06-28,C-1151,P-2024,2,1960.88
ORD-51440,2023-05-21,C-1311,P-2030,3,1039.44
ORD-51441,2023-03-24,C-1210,P-2017,1,556.73
ORD-51442,2023-08-19,C-1327,P-2027,2,1026.32
ORD-51443,2023-10-05,C-1442,P-2015,1,801.32
ORD-51444,2024-02-02,C-1003,P-2017,2,1113.46
ORD-51445,2024-01-11,C-1116,P-2029,1,774.95
ORD-51446,2023-11-14,C-1158,P-2025,3,1386.66
ORD-51447,2023-05-03,C-1294,P-2024,1,980.44
ORD-51448,2023-12-04,C-1272,P-2027,2,1026.32
ORD-51449,2023-04-08,C-1383,P-2022,2,1027.56
ORD-51450,2024-01-28,C-1175,P-2005,3,2598.78
ORD-51451,2023-05-25,C-1151,P-2014,3,390.63
ORD-51452,2023-06-14,C-1432,P-2004,3,374.28
ORD-51453,2023-12-04,C-1397,P-2002,1,46.33
ORD-51454,2023-04-02,C-1275,P-2007,1,467.36
ORD-51455,2023-09-06,C-1050,P-2004,1,124.76
ORD-51456,2023-10-20,C-1221,P-2027,2,1026.32
ORD-51457,2023-12-03,C-1454,P-2017,3,1670.19
ORD-51458,2023-12-26,C-1062,P-2009,1,626.41
ORD-51459,2023-07-07,C-1191,P-2020,3,1953.69
ORD-51460,2023-02-06,C-1371,P-2030,1,346.48
ORD-51461,2023-12-02,C-1094,P-2030,1,346.48
ORD-51462,2023-08-28,C-1215,P-2021,1,503.39
ORD-51463,2023-07-04,C-1165,P-2024,2,1960.88
ORD-51464,2024-02-25,C-1017,P-2026,3,1169.25
ORD-51465,2023-01-30,C-1493,P-2020,2,1302.46
ORD-51466,2023-09-28,C-1282,P-2024,1,980.44
ORD-51467,2024-03-03,C-1154,P-2003,1,321.37
ORD-51468,2023-09-23,C-1253,P-2004,3,374.28
ORD-51469,2023-04-29,C-1008,P-2013,1,443.73
ORD-51470,2023-04-09,C-1157,P-2022,1,513.78
ORD-51471,2023-10-19,C-1448,P-2006,3,1983.24
ORD-51472,2024-01-19,C-1165,P-2014,3,390.63
ORD-51473,2023-02-24,C-1290,P-2021,3,1510.17
ORD-51474,2023-07-03,C-1027,P-2015,3,2403.96
ORD-51475,2023-12-07,C-1466,P-2029,1,774.95
ORD-51476,2023-03-27,C-1398,P-2006,3,1983.24
ORD-51477,2023-07-25,C-1107,P-2011,3,634.56
ORD-51478,2023-03-22,C-1351,P-2020,2,1302.46
ORD-51479,2023-06-30,C-1373,P-2018,2,464.9
ORD-51480,2024-03-08,C-1186,P-2014,3,390.63
ORD-51481,2023-08-09,C-1045,P-2024,2,1960.88
ORD-51482,2023-11-08,C-1089,P-2019,3,1400.49
ORD-51483,2023-04-20,C-1499,P-2025,3,1386.66
ORD-51484,2024-01-17,C-1254,P-2012,2,279.4
ORD-51485,2023-08-18,C-1139,P-2001,3,2446.29
ORD-51486,2023-01-18,C-1080,P-2020,1,651.23
ORD-51487,2023-09-23,C-1400,P-2029,2,1549.9
ORD-51488,2023-01-04,C-1128,P-2008,1,195.71
ORD-51489,2024-03-14,C-1373,P-2001,3,2446.29
ORD-51490,2024-02-26,C-1238,P-2030,3,1039.44
ORD-51491,2023-09-19,C-1322,P-2019,3,1400.49
ORD-51492,2023-03-21,C-1077,P-2002,2,92.66
ORD-51493,2023-07-02,C-1273,P-2005,2,1732.52
ORD-51494,2023-07-07,C-1492,P-2008,1,195.71
ORD-51495,2023-05-12,C-1399,P-2010,1,629.15
ORD-51496,2023-10-20,C-1084,P-2019,1,466.83
ORD-51497,2024-01-11,C-1242,P-2024,2,1960.88
ORD-51498,2024-02-10,C-1137,P-2006,2,1322.16
ORD-51499,2024-02-27,C-1281,P-2023,3,1264.02
ORD-51500,2024-02-24,C-1077,P-2020,3,1953.69
